番号,名詞1,助詞1,名詞2,助詞2,名詞3,助詞3,動詞,子ども用解説,大人用解説,,
1,わたし,は,学校,へ,,,行く,「は」はだれのこと、「へ」は行き先だよ。,「は」は主題提示、「へ」は方向を示す格助詞。,,
2,ぼく,は,公園,で,サッカー,を,する,「は」はだれ、「で」は場所、「を」はするものだよ。,「は」は主題、「で」は動作場所、「を」は対象。,,
3,ねこ,が,魚,を,,,食べる,「が」はする人、「を」は食べるものだよ。,「が」は主格、「を」は対格。,,
4,先生,が,学生,に,宿題,を,出す,「が」はする人、「に」は相手、「を」は出すものだよ。,「が」は主格、「に」は受け手、「を」は対象。,,
5,わたし,は,家,から,学校,まで,歩く,「から」ははじまり、「まで」はおわりだよ。,起点「から」と終点「まで」。,,
6,ぼく,は,兄,より,背,が,高い,「より」はくらべるときだよ。,比較基準「より」、主格「が」。,,
7,友達,と,公園,で,,,遊ぶ,「と」はいっしょ、「で」は場所だよ。,共同「と」、動作場所「で」。,,
8,わたし,は,音楽,を,,,聞く,「を」は聞くものだよ。,対格。,,
9,犬,が,庭,で,,,走る,「が」はする人、「で」は場所だよ。,主格＋動作場所。,,
10,わたし,は,日本,の,文化,を,学ぶ,「の」はつながり、「を」は対象だよ。,連体修飾「の」、対格「を」。,,
11,ぼく,は,駅,から,学校,まで,走る,「から」ははじまり、「まで」はおわりだよ。,起点と終点。,,
12,ねこ,が,いす,に,,,すわる,「に」はばしょだよ。,存在場所。,,
13,先生,は,教室,で,話,を,する,「で」は場所、「を」はすることだよ。,動作場所と対象。,,
14,友達,が,わたし,に,本,を,貸す,「に」はあいて、「を」はものだよ。,受け手と対象。,,
15,わたし,は,川,で,魚,を,見る,「で」は場所、「を」は見るものだよ。,動作場所と対象。,,
16,ぼく,は,朝,に,,,起きる,「に」は時間だよ。,時間。,,
17,鳥,が,空,を,,,飛ぶ,「を」は通る場所だよ。,経路。,,
18,犬,が,家,に,,,入る,「に」は行き先だよ。,到達点。,,
19,先生,が,黒板,に,字,を,書く,「に」は場所、「を」は書くものだよ。,位置＋対象。,,
20,わたし,は,友達,と,映画,を,見る,「と」はいっしょ、「を」は見るものだよ。,共同＋対象。,,
21,ぼく,は,図書館,で,本,を,読む,「で」は場所、「を」は読むものだよ。,動作場所と対象。,,
22,ねこ,が,窓,から,外,を,見る,「から」ははじまり、「を」は見るものだよ。,起点＋対象。,,
23,友達,は,学校,へ,,,行く,「へ」は行き先だよ。,方向。,,
24,先生,が,学生,に,質問,を,する,「に」はあいて、「を」はすることだよ。,受け手＋対象。,,
25,わたし,は,夜,に,音楽,を,聞く,「に」は時間、「を」は聞くものだよ。,時間＋対象。,,
26,ぼく,は,公園,で,友達,と,遊ぶ,「で」は場所、「と」はいっしょだよ。,場所＋共同。,,
27,犬,が,ボール,を,,,追う,「を」は追うものだよ。,対象。,,
28,鳥,が,木,に,,,止まる,「に」は場所だよ。,位置。,,
29,先生,は,日本,の,歴史,を,教える,「の」はつながり、「を」は教える内容だよ。,連体修飾＋対象。,,
30,わたし,は,電車,で,学校,へ,行く,「で」はのりもの、「へ」は行き先だよ。,手段＋方向。,,
31,ぼく,は,山,に,,,登る,「は」はだれ、「に」は行き先だよ。,主題提示「は」、到達点「に」。,,
32,わたし,は,スーパー,で,野菜,を,買う,「で」は場所、「を」は買うものだよ。,動作場所「で」、対象「を」。,,
33,ねこ,が,机,の,上,に,のる,「の」はつながり、「に」は場所だよ。,連体修飾「の」、位置「に」。,,
34,先生,が,図書館,で,本,を,探す,「で」は場所、「を」は探すものだよ。,動作場所＋対象。,,
35,友達,と,駅,で,,,会う,「と」はあいて、「で」は場所だよ。,共同相手「と」、動作場所「で」。,,
36,わたし,は,朝,から,夜,まで,働く,「から」ははじまり、「まで」はおわりだよ。,起点と終点。,,
37,ぼく,は,妹,より,背,が,低い,「より」はくらべるときだよ。,比較基準「より」、主格「が」。,,
38,犬,が,川,で,,,泳ぐ,「で」は場所だよ。,動作場所。,,
39,鳥,が,空,から,地面,に,降りる,「から」ははじまり、「に」は行き先だよ。,起点＋到達点。,,
40,先生,は,英語,の,授業,を,する,「の」はつながり、「を」はすることだよ。,連体修飾＋対象。,,
41,わたし,は,友達,に,プレゼント,を,あげる,「に」はあいて、「を」はものだよ。,受け手＋対象。,,
42,ぼく,は,友達,から,手紙,を,もらう,「から」はくれる人だよ。,起点（授与）。,,
43,ねこ,が,屋根,の,上,で,寝る,「の」はつながり、「で」は場所だよ。,連体修飾＋場所。,,
44,犬,が,公園,まで,,,走る,「まで」はおわりの場所だよ。,終点。,,
45,先生,が,学生,と,研究,を,する,「と」はいっしょ、「を」はすることだよ。,共同＋対象。,,
46,わたし,は,バス,で,駅,へ,行く,「で」はのりもの、「へ」は行き先だよ。,手段＋方向。,,
47,ぼく,は,机,の,下,に,かくれる,「の」はつながり、「に」は場所だよ。,連体修飾＋位置。,,
48,鳥,が,海,を,,,渡る,「を」は通る場所だよ。,経路。,,
49,友達,が,学校,で,テスト,を,受ける,「で」は場所、「を」はすることだよ。,動作場所＋対象。,,
50,わたし,は,先生,に,質問,を,する,「に」はあいて、「を」はすることだよ。,受け手＋対象。,,
51,ぼく,は,昼,に,ごはん,を,食べる,「に」は時間、「を」は食べるものだよ。,時間＋対象。,,
52,ねこ,が,ドア,の,前,で,待つ,「の」はつながり、「で」は場所だよ。,連体修飾＋場所。,,
53,犬,が,家,から,外,へ,出る,「から」ははじまり、「へ」は行き先だよ。,起点＋方向。,,
54,先生,が,黒板,を,,,消す,「を」は消すものだよ。,対象。,,
55,わたし,は,兄,と,ゲーム,を,する,「と」はいっしょ、「を」はすることだよ。,共同＋対象。,,
56,ぼく,は,川,の,水,を,飲む,「の」はつながり、「を」は飲むものだよ。,連体修飾＋対象。,,
57,鳥,が,木,から,,,飛び立つ,「から」ははじまりだよ。,起点。,,
58,友達,が,わたし,を,,,呼ぶ,「を」は呼ぶ相手だよ。,対象。,,
59,先生,は,日本,より,外国,が,好きだ,「より」はくらべるときだよ。,比較基準。,,
60,わたし,は,図書館,で,静か,に,勉強する,「で」は場所だよ。,動作場所。,,
61,ぼく,は,駅,まで,,,歩く,「まで」はおわりの場所だよ。,終点。,,
62,ねこ,が,ソファ,の,上,で,寝る,「の」はつながり、「で」は場所だよ。,連体修飾＋場所。,,
63,犬,が,人,に,,,ほえる,「に」はあいてだよ。,対象相手。,,
64,先生,が,学生,から,質問,を,受ける,「から」はくる人だよ。,起点（授与）。,,
65,わたし,は,音楽,を,,,作る,「を」は作るものだよ。,対象。,,
66,ぼく,は,友達,と,学校,へ,行く,「と」はいっしょ、「へ」は行き先だよ。,共同＋方向。,,
67,鳥,が,空,に,,,上がる,「に」は行き先だよ。,到達点。,,
68,友達,が,家,に,,,来る,「に」は行き先だよ。,到達点。,,
69,先生,が,本,を,,,読む,「を」は読むものだよ。,対象。,,
70,わたし,は,料理,を,,,作る,「を」は作るものだよ。,対象。,,
71,ぼく,は,夜,まで,,,勉強する,「まで」はおわりの時間だよ。,終点（時間）。,,
72,ねこ,が,魚,を,,,見つける,「を」は見つけるものだよ。,対象。,,
73,犬,が,ボール,で,,,遊ぶ,「で」は道具だよ。,手段。,,
74,先生,が,教室,で,授業,を,する,「で」は場所、「を」はすることだよ。,場所＋対象。,,
75,わたし,は,朝,から,,,勉強する,「から」ははじまりの時間だよ。,起点（時間）。,,
76,ぼく,は,山,から,景色,を,見る,「から」は見る場所だよ。,起点＋対象。,,
77,鳥,が,川,に,,,降りる,「に」は行き先だよ。,到達点。,,
78,友達,が,映画,を,,,見る,「を」は見るものだよ。,対象。,,
79,先生,が,学生,に,説明,を,する,「に」はあいて、「を」はすることだよ。,受け手＋対象。,,
80,わたし,は,本,の,内容,を,理解する,「の」はつながり、「を」は対象だよ。,連体修飾＋対象。,,
81,ぼく,は,電車,で,会社,へ,行く,「で」はのりもの、「へ」は行き先だよ。,手段＋方向。,,
82,ねこ,が,庭,で,,,あそぶ,「で」は場所だよ。,動作場所。,,
83,犬,が,家,の,中,で,寝る,「の」はつながり、「で」は場所だよ。,連体修飾＋場所。,,
84,先生,が,問題,を,,,解く,「を」は解くものだよ。,対象。,,
85,わたし,は,友達,に,電話,を,する,「に」はあいて、「を」はすることだよ。,受け手＋対象。,,
86,ぼく,は,学校,で,友達,と,話す,「で」は場所、「と」はあいてだよ。,場所＋共同。,,
87,鳥,が,空,を,,,飛び回る,「を」は通る場所だよ。,経路。,,
88,友達,が,先生,に,,,聞く,「に」はあいてだよ。,対象相手。,,
89,先生,が,本,から,知識,を,得る,「から」はもと、「を」は得るものだよ。,起点＋対象。,,
90,わたし,は,世界,の,国,を,調べる,「の」はつながり、「を」は対象だよ。,連体修飾＋対象。,,
91,ぼく,は,昼,まで,,,寝る,「まで」はおわりの時間だよ。,終点（時間）。,,
92,ねこ,が,箱,の,中,に,入る,「の」はつながり、「に」は場所だよ。,連体修飾＋位置。,,
93,犬,が,道,を,,,歩く,「を」は通る場所だよ。,経路。,,
94,先生,が,学生,と,話,を,する,「と」はあいて、「を」はすることだよ。,共同＋対象。,,
95,わたし,は,朝,に,学校,へ,行く,「に」は時間、「へ」は行き先だよ。,時間＋方向。,,
96,ぼく,は,家,で,テレビ,を,見る,「で」は場所、「を」は見るものだよ。,場所＋対象。,,
97,鳥,が,木,の,枝,に,止まる,「の」はつながり、「に」は場所だよ。,連体修飾＋位置。,,
98,友達,が,公園,で,写真,を,撮る,「で」は場所、「を」は撮るものだよ。,場所＋対象。,,
99,先生,が,問題,について,説明,を,する,「について」はそのことだよ。,対象範囲を示す複合助詞。,,
100,わたし,は,日本,から,外国,へ,行く,「から」ははじまり、「へ」は行き先だよ。,起点＋方向。,,
101,ぼく,は,友達,の,家,に,行く,「は」はだれ、「の」はつながり、「に」は行き先だよ。,主題提示「は」、連体修飾「の」、到達点「に」。,,
102,わたし,は,朝,から,夕方,まで,働く,「から」ははじまり、「まで」はおわりだよ。,起点と終点。,,
103,ねこ,が,台所,で,魚,を,食べる,「で」は場所、「を」は食べるものだよ。,動作場所＋対象。,,
104,犬,が,庭,から,家,に,入る,「から」ははじまり、「に」は行き先だよ。,起点＋到達点。,,
105,先生,が,学生,に,課題,を,説明する,「に」はあいて、「を」はすることだよ。,受け手＋対象。,,
106,ぼく,は,図書館,で,レポート,を,書く,「で」は場所、「を」は書くものだよ。,動作場所＋対象。,,
107,わたし,は,電車,で,大阪,へ,向かう,「で」はのりもの、「へ」は行き先だよ。,手段＋方向。,,
108,鳥,が,山,の,上,を,飛ぶ,「の」はつながり、「を」は通る場所だよ。,連体修飾＋経路。,,
109,友達,と,カフェ,で,コーヒー,を,飲む,「と」はいっしょ、「で」は場所、「を」は飲むものだよ。,共同＋場所＋対象。,,
110,先生,は,日本,の,文学,を,研究する,「の」はつながり、「を」は対象だよ。,連体修飾＋対象。,,
111,ぼく,は,夜,に,音楽,を,作る,「に」は時間、「を」は作るものだよ。,時間＋対象。,,
112,わたし,は,友達,から,情報,を,聞く,「から」はもと、「を」は聞くものだよ。,起点＋対象。,,
113,ねこ,が,ベッド,の,上,で,丸くなる,「の」はつながり、「で」は場所だよ。,連体修飾＋場所。,,
114,犬,が,道,の,真ん中,で,止まる,「の」はつながり、「で」は場所だよ。,連体修飾＋場所。,,
115,先生,が,学生,と,問題,を,考える,「と」はいっしょ、「を」は対象だよ。,共同＋対象。,,
116,ぼく,は,学校,から,家,まで,走る,「から」ははじまり、「まで」はおわりだよ。,起点＋終点。,,
117,わたし,は,映画,を,,,見終わる,「を」は見るものだよ。,対象。,,
118,鳥,が,川,の,上,を,飛び越える,「の」はつながり、「を」は通る場所だよ。,連体修飾＋経路。,,
119,友達,が,教室,に,,,入る,「に」は行き先だよ。,到達点。,,
120,先生,が,本,から,知識,を,得る,「から」はもと、「を」は得るものだよ。,起点＋対象。,,
121,ぼく,は,スマホ,で,ニュース,を,読む,「で」はどうぐ、「を」は読むものだよ。,手段＋対象。,,
122,わたし,は,母,に,手紙,を,書く,「に」はあいて、「を」は書くものだよ。,受け手＋対象。,,
123,ねこ,が,窓,の,外,を,ながめる,「の」はつながり、「を」は見る場所だよ。,連体修飾＋対象。,,
124,犬,が,公園,で,子ども,と,遊ぶ,「で」は場所、「と」はいっしょだよ。,場所＋共同。,,
125,先生,が,学生,に,答え,を,教える,「に」はあいて、「を」は教えるものだよ。,受け手＋対象。,,
126,ぼく,は,朝,に,パン,を,焼く,「に」は時間、「を」は焼くものだよ。,時間＋対象。,,
127,わたし,は,海,で,魚,を,釣る,「で」は場所、「を」は対象だよ。,動作場所＋対象。,,
128,鳥,が,空,から,地面,へ,落ちる,「から」ははじまり、「へ」は行き先だよ。,起点＋方向。,,
129,友達,が,学校,の,前,で,待つ,「の」はつながり、「で」は場所だよ。,連体修飾＋場所。,,
130,先生,は,歴史,の,出来事,を,説明する,「の」はつながり、「を」は対象だよ。,連体修飾＋対象。,,
131,ぼく,は,父,と,山,に,登る,「と」はいっしょ、「に」は行き先だよ。,共同＋到達点。,,
132,わたし,は,駅,まで,,,急ぐ,「まで」はおわりの場所だよ。,終点。,,
133,ねこ,が,机,の,下,に,入る,「の」はつながり、「に」は場所だよ。,連体修飾＋位置。,,
134,犬,が,ボール,を,,,くわえる,「を」は対象だよ。,対格。,,
135,先生,が,黒板,に,図,を,描く,「に」は場所、「を」は描くものだよ。,位置＋対象。,,
136,ぼく,は,友達,と,ゲーム,を,楽しむ,「と」はいっしょ、「を」は対象だよ。,共同＋対象。,,
137,わたし,は,夜,まで,本,を,読む,「まで」はおわりの時間、「を」は読むものだよ。,終点＋対象。,,
138,鳥,が,木,の,枝,から,飛ぶ,「の」はつながり、「から」ははじまりだよ。,連体修飾＋起点。,,
139,友達,が,先生,に,,,相談する,「に」はあいてだよ。,対象相手。,,
140,先生,が,学生,の,名前,を,覚える,「の」はつながり、「を」は対象だよ。,連体修飾＋対象。,,
141,ぼく,は,学校,で,テスト,を,受ける,「で」は場所、「を」はすることだよ。,動作場所＋対象。,,
142,わたし,は,図書館,から,家,へ,帰る,「から」ははじまり、「へ」は行き先だよ。,起点＋方向。,,
143,ねこ,が,魚,を,,,見つめる,「を」は対象だよ。,対格。,,
144,犬,が,庭,の,草,を,食べる,「の」はつながり、「を」は対象だよ。,連体修飾＋対象。,,
145,先生,が,問題,について,話,を,する,「について」はそのこと、「を」はすることだよ。,複合助詞＋対象。,,
146,ぼく,は,友達,に,プレゼント,を,渡す,「に」はあいて、「を」はものだよ。,受け手＋対象。,,
147,わたし,は,朝,から,運動,を,始める,「から」ははじまり、「を」はすることだよ。,起点＋対象。,,
148,鳥,が,川,の,水,を,飲む,「の」はつながり、「を」は対象だよ。,連体修飾＋対象。,,
149,友達,が,駅,で,電車,を,待つ,「で」は場所、「を」は対象だよ。,動作場所＋対象。,,
150,先生,が,学生,に,意見,を,求める,「に」はあいて、「を」は対象だよ。,受け手＋対象。,,
151,ぼく,は,夜,に,映画,を,見る,「に」は時間、「を」は対象だよ。,時間＋対象。,,
152,わたし,は,学校,の,授業,を,受ける,「の」はつながり、「を」は対象だよ。,連体修飾＋対象。,,
153,ねこ,が,ベランダ,に,,,出る,「に」は行き先だよ。,到達点。,,
154,犬,が,道,で,,,止まる,「で」は場所だよ。,動作場所。,,
155,先生,が,学生,と,議論,を,する,「と」はいっしょ、「を」は対象だよ。,共同＋対象。,,
156,ぼく,は,朝,に,コーヒー,を,飲む,「に」は時間、「を」は対象だよ。,時間＋対象。,,
157,わたし,は,山,から,景色,を,楽しむ,「から」は場所、「を」は対象だよ。,起点＋対象。,,
158,鳥,が,空,に,,,消える,「に」は行き先だよ。,到達点。,,
159,友達,が,教室,で,発表,を,する,「で」は場所、「を」は対象だよ。,場所＋対象。,,
160,先生,が,本,を,,,紹介する,「を」は対象だよ。,対格。,,
161,ぼく,は,家,で,宿題,を,する,「で」は場所、「を」は対象だよ。,動作場所＋対象。,,
162,わたし,は,公園,へ,,,向かう,「へ」は行き先だよ。,方向。,,
163,ねこ,が,いす,の,上,で,丸くなる,「の」はつながり、「で」は場所だよ。,連体修飾＋場所。,,
164,犬,が,庭,から,道路,へ,出る,「から」ははじまり、「へ」は行き先だよ。,起点＋方向。,,
165,先生,が,学生,に,本,を,すすめる,「に」はあいて、「を」は対象だよ。,受け手＋対象。,,
166,ぼく,は,図書館,で,静か,に,読む,「で」は場所だよ。,動作場所。,,
167,わたし,は,日本,より,海外,が,好きだ,「より」はくらべるときだよ。,比較基準。,,
168,鳥,が,木,に,,,止まり続ける,「に」は場所だよ。,位置。,,
169,友達,が,駅,から,家,まで,帰る,「から」ははじまり、「まで」はおわりだよ。,起点＋終点。,,
170,先生,が,学生,の,作品,を,評価する,「の」はつながり、「を」は対象だよ。,連体修飾＋対象。,,
171,ぼく,は,川,で,釣り,を,楽しむ,「は」はだれ、「で」は場所、「を」はすることだよ。,主題提示＋動作場所＋対象。,,
172,わたし,は,朝,に,散歩,を,する,「に」は時間、「を」はすることだよ。,時間＋対象。,,
173,ねこ,が,庭,の,花,を,見る,「の」はつながり、「を」は対象だよ。,連体修飾＋対格。,,
174,犬,が,公園,で,元気,に,走る,「で」は場所だよ。,動作場所。,,
175,先生,が,学生,に,計画,を,説明する,「に」はあいて、「を」は対象だよ。,受け手＋対象。,,
176,ぼく,は,友達,と,映画,を,楽しむ,「と」はいっしょ、「を」は対象だよ。,共同＋対象。,,
177,わたし,は,駅,から,バス,で,帰る,「から」ははじまり、「で」はのりものだよ。,起点＋手段。,,
178,鳥,が,空,の,上,を,飛び続ける,「の」はつながり、「を」は通る場所だよ。,連体修飾＋経路。,,
179,友達,が,学校,に,,,集まる,「に」は行き先だよ。,到達点。,,
180,先生,が,本,について,説明,を,する,「について」はそのこと、「を」はすることだよ。,複合助詞＋対象。,,
181,ぼく,は,夜,まで,ゲーム,を,する,「まで」はおわりの時間、「を」は対象だよ。,終点＋対象。,,
182,わたし,は,海,で,泳ぎ,を,練習する,「で」は場所、「を」はすることだよ。,場所＋対象。,,
183,ねこ,が,机,の,下,で,休む,「の」はつながり、「で」は場所だよ。,連体修飾＋場所。,,
184,犬,が,道,を,,,走り抜ける,「を」は通る場所だよ。,経路。,,
185,先生,が,学生,と,意見,を,交換する,「と」はいっしょ、「を」は対象だよ。,共同＋対象。,,
186,ぼく,は,朝,から,勉強,を,続ける,「から」ははじまり、「を」は対象だよ。,起点＋対象。,,
187,わたし,は,友達,に,写真,を,送る,「に」はあいて、「を」は対象だよ。,受け手＋対象。,,
188,鳥,が,山,に,,,向かう,「に」は行き先だよ。,到達点。,,
189,友達,が,家,で,宿題,を,終える,「で」は場所、「を」は対象だよ。,場所＋対象。,,
190,先生,が,問題,を,,,解説する,「を」は対象だよ。,対格。,,
191,ぼく,は,図書館,で,資料,を,探す,「で」は場所、「を」は対象だよ。,動作場所＋対象。,,
192,わたし,は,朝,に,コーヒー,を,入れる,「に」は時間、「を」は対象だよ。,時間＋対象。,,
193,ねこ,が,窓,の,外,で,鳴く,「の」はつながり、「で」は場所だよ。,連体修飾＋場所。,,
194,犬,が,家,に,,,戻る,「に」は行き先だよ。,到達点。,,
195,先生,が,学生,に,方法,を,教える,「に」はあいて、「を」は対象だよ。,受け手＋対象。,,
196,ぼく,は,友達,と,話,を,続ける,「と」はあいて、「を」は対象だよ。,共同＋対象。,,
197,わたし,は,駅,から,徒歩,で,帰る,「から」ははじまり、「で」は手段だよ。,起点＋手段。,,
198,鳥,が,川,を,,,渡り続ける,「を」は通る場所だよ。,経路。,,
199,友達,が,教室,で,意見,を,発表する,「で」は場所、「を」は対象だよ。,場所＋対象。,,
200,先生,が,本,の,内容,を,説明する,「の」はつながり、「を」は対象だよ。,連体修飾＋対象。,,
201,ぼく,は,夜,に,読書,を,楽しむ,「に」は時間、「を」は対象だよ。,時間＋対象。,,
202,わたし,は,公園,で,犬,と,遊ぶ,「で」は場所、「と」はいっしょだよ。,場所＋共同。,,
203,ねこ,が,棚,の,上,で,眠る,「の」はつながり、「で」は場所だよ。,連体修飾＋場所。,,
204,犬,が,道,から,庭,に,戻る,「から」ははじまり、「に」は行き先だよ。,起点＋到達点。,,
205,先生,が,学生,に,質問,を,投げかける,「に」はあいて、「を」は対象だよ。,受け手＋対象。,,
206,ぼく,は,朝,に,運動,を,始める,「に」は時間、「を」は対象だよ。,時間＋対象。,,
207,わたし,は,友達,から,連絡,を,受ける,「から」はもと、「を」は対象だよ。,起点＋対象。,,
208,鳥,が,空,に,,,舞い上がる,「に」は行き先だよ。,到達点。,,
209,友達,が,学校,で,実験,を,行う,「で」は場所、「を」は対象だよ。,場所＋対象。,,
210,先生,が,歴史,について,説明,を,する,「について」はそのこと、「を」は対象だよ。,複合助詞＋対象。,,
211,ぼく,は,家,で,音楽,を,聞く,「で」は場所、「を」は対象だよ。,場所＋対象。,,
212,わたし,は,朝,から,仕事,を,始める,「から」ははじまり、「を」は対象だよ。,起点＋対象。,,
213,ねこ,が,窓,に,,,近づく,「に」は行き先だよ。,到達点。,,
214,犬,が,庭,で,元気,に,遊ぶ,「で」は場所だよ。,動作場所。,,
215,先生,が,学生,と,研究,を,進める,「と」はいっしょ、「を」は対象だよ。,共同＋対象。,,
216,ぼく,は,学校,へ,,,急ぐ,「へ」は行き先だよ。,方向。,,
217,わたし,は,友達,に,メール,を,送る,「に」はあいて、「を」は対象だよ。,受け手＋対象。,,
218,鳥,が,山,から,空,へ,飛ぶ,「から」ははじまり、「へ」は行き先だよ。,起点＋方向。,,
219,友達,が,駅,で,電車,を,待つ,「で」は場所、「を」は対象だよ。,場所＋対象。,,
220,先生,が,本,を,,,読む,「を」は対象だよ。,対格。,,
221,ぼく,は,夜,まで,作業,を,続ける,「まで」はおわりの時間、「を」は対象だよ。,終点＋対象。,,
222,わたし,は,海,で,写真,を,撮る,「で」は場所、「を」は対象だよ。,場所＋対象。,,
223,ねこ,が,ベッド,の,上,で,眠る,「の」はつながり、「で」は場所だよ。,連体修飾＋場所。,,
224,犬,が,道,を,,,歩き続ける,「を」は通る場所だよ。,経路。,,
225,先生,が,学生,に,意見,を,求める,「に」はあいて、「を」は対象だよ。,受け手＋対象。,,
226,ぼく,は,朝,に,ニュース,を,見る,「に」は時間、「を」は対象だよ。,時間＋対象。,,
227,わたし,は,友達,と,話,を,楽しむ,「と」はあいて、「を」は対象だよ。,共同＋対象。,,
228,鳥,が,川,に,,,降りる,「に」は行き先だよ。,到達点。,,
229,友達,が,教室,で,発言,を,する,「で」は場所、「を」は対象だよ。,場所＋対象。,,
230,先生,が,本,の,構成,を,説明する,「の」はつながり、「を」は対象だよ。,連体修飾＋対象。,,
231,ぼく,は,家,で,料理,を,作る,「で」は場所、「を」は対象だよ。,場所＋対象。,,
232,わたし,は,公園,へ,,,向かう,「へ」は行き先だよ。,方向。,,
233,ねこ,が,机,の,下,で,寝る,「の」はつながり、「で」は場所だよ。,連体修飾＋場所。,,
234,犬,が,庭,から,外,へ,出る,「から」ははじまり、「へ」は行き先だよ。,起点＋方向。,,
235,先生,が,学生,に,資料,を,配る,「に」はあいて、「を」は対象だよ。,受け手＋対象。,,
236,ぼく,は,図書館,で,本,を,借りる,「で」は場所、「を」は対象だよ。,場所＋対象。,,
237,わたし,は,朝,に,運動,を,する,「に」は時間、「を」は対象だよ。,時間＋対象。,,
238,鳥,が,空,を,,,飛び回る,「を」は通る場所だよ。,経路。,,
239,友達,が,駅,で,待ち合わせ,を,する,「で」は場所、「を」は対象だよ。,場所＋対象。,,
240,先生,が,問題,を,,,解く,「を」は対象だよ。,対格。,,
241,ぼく,は,夜,に,映画,を,見る,「に」は時間、「を」は対象だよ。,時間＋対象。,,
242,わたし,は,学校,で,勉強,を,する,「で」は場所、「を」は対象だよ。,場所＋対象。,,
243,ねこ,が,窓,の,外,を,見る,「の」はつながり、「を」は対象だよ。,連体修飾＋対象。,,
244,犬,が,道,で,,,止まる,「で」は場所だよ。,動作場所。,,
245,先生,が,学生,と,会話,を,する,「と」はあいて、「を」は対象だよ。,共同＋対象。,,
246,ぼく,は,友達,に,電話,を,かける,「に」はあいて、「を」は対象だよ。,受け手＋対象。,,
247,わたし,は,朝,から,勉強,を,続ける,「から」ははじまり、「を」は対象だよ。,起点＋対象。,,
248,鳥,が,山,に,,,戻る,「に」は行き先だよ。,到達点。,,
249,友達,が,教室,で,発表,を,する,「で」は場所、「を」は対象だよ。,場所＋対象。,,
250,先生,が,本,について,話,を,する,「について」はそのこと、「を」は対象だよ。,複合助詞＋対象。,,
251,ぼく,は,家,で,ゲーム,を,する,「で」は場所、「を」は対象だよ。,場所＋対象。,,
252,わたし,は,駅,へ,,,急ぐ,「へ」は行き先だよ。,方向。,,
253,ねこ,が,棚,の,上,で,眠る,「の」はつながり、「で」は場所だよ。,連体修飾＋場所。,,
254,犬,が,庭,から,家,に,入る,「から」ははじまり、「に」は行き先だよ。,起点＋到達点。,,
255,先生,が,学生,に,宿題,を,出す,「に」はあいて、「を」は対象だよ。,受け手＋対象。,,
256,ぼく,は,図書館,で,調べ物,を,する,「で」は場所、「を」は対象だよ。,場所＋対象。,,
257,わたし,は,朝,に,コーヒー,を,飲む,「に」は時間、「を」は対象だよ。,時間＋対象。,,
258,鳥,が,空,を,,,飛び続ける,「を」は通る場所だよ。,経路。,,
259,友達,が,駅,で,電車,を,待つ,「で」は場所、「を」は対象だよ。,場所＋対象。,,
260,先生,が,問題,を,,,解説する,「を」は対象だよ。,対格。,,
261,ぼく,は,公園,で,ランニング,を,する,「で」は場所、「を」はすることだよ。,動作場所＋対象。,,
262,わたし,は,朝,に,ニュース,を,聞く,「に」は時間、「を」は対象だよ。,時間＋対象。,,
263,ねこ,が,屋根,の,上,で,くつろぐ,「の」はつながり、「で」は場所だよ。,連体修飾＋場所。,,
264,犬,が,川,に,,,飛び込む,「に」は行き先だよ。,到達点。,,
265,先生,が,学生,に,課題,を,配る,「に」はあいて、「を」は対象だよ。,受け手＋対象。,,
266,ぼく,は,友達,と,試合,を,する,「と」はいっしょ、「を」は対象だよ。,共同＋対象。,,
267,わたし,は,駅,から,電車,で,通う,「から」ははじまり、「で」は手段だよ。,起点＋手段。,,
268,鳥,が,海,の,上,を,飛び続ける,「の」はつながり、「を」は通る場所だよ。,連体修飾＋経路。,,
269,友達,が,教室,に,,,集まる,「に」は行き先だよ。,到達点。,,
270,先生,が,歴史,について,授業,を,する,「について」はそのこと、「を」は対象だよ。,複合助詞＋対象。,,
271,ぼく,は,夜,まで,読書,を,続ける,「まで」はおわりの時間、「を」は対象だよ。,終点＋対象。,,
272,わたし,は,海,で,貝,を,集める,「で」は場所、「を」は対象だよ。,場所＋対象。,,
273,ねこ,が,机,の,下,で,じっとする,「の」はつながり、「で」は場所だよ。,連体修飾＋場所。,,
274,犬,が,道,を,,,走り抜ける,「を」は通る場所だよ。,経路。,,
275,先生,が,学生,と,計画,を,立てる,「と」はいっしょ、「を」は対象だよ。,共同＋対象。,,
276,ぼく,は,朝,から,練習,を,始める,「から」ははじまり、「を」は対象だよ。,起点＋対象。,,
277,わたし,は,友達,に,写真,を,見せる,「に」はあいて、「を」は対象だよ。,受け手＋対象。,,
278,鳥,が,山,に,,,戻る,「に」は行き先だよ。,到達点。,,
279,友達,が,家,で,宿題,を,仕上げる,「で」は場所、「を」は対象だよ。,場所＋対象。,,
280,先生,が,問題,を,,,解説する,「を」は対象だよ。,対格。,,
281,ぼく,は,図書館,で,参考書,を,探す,「で」は場所、「を」は対象だよ。,動作場所＋対象。,,
282,わたし,は,朝,に,スープ,を,作る,「に」は時間、「を」は対象だよ。,時間＋対象。,,
283,ねこ,が,窓,から,鳥,を,見る,「から」ははじまり、「を」は対象だよ。,起点＋対象。,,
284,犬,が,家,に,,,帰る,「に」は行き先だよ。,到達点。,,
285,先生,が,学生,に,解き方,を,教える,「に」はあいて、「を」は対象だよ。,受け手＋対象。,,
286,ぼく,は,友達,と,会話,を,楽しむ,「と」はあいて、「を」は対象だよ。,共同＋対象。,,
287,わたし,は,駅,から,徒歩,で,移動する,「から」ははじまり、「で」は手段だよ。,起点＋手段。,,
288,鳥,が,川,を,,,渡る,「を」は通る場所だよ。,経路。,,
289,友達,が,学校,で,実習,を,受ける,「で」は場所、「を」は対象だよ。,場所＋対象。,,
290,先生,が,本,の,内容,を,解説する,「の」はつながり、「を」は対象だよ。,連体修飾＋対象。,,
291,ぼく,は,夜,に,動画,を,見る,「に」は時間、「を」は対象だよ。,時間＋対象。,,
292,わたし,は,公園,で,犬,と,散歩する,「で」は場所、「と」はいっしょだよ。,場所＋共同。,,
293,ねこ,が,棚,の,上,で,じっとする,「の」はつながり、「で」は場所だよ。,連体修飾＋場所。,,
294,犬,が,道,から,家,に,戻る,「から」ははじまり、「に」は行き先だよ。,起点＋到達点。,,
295,先生,が,学生,に,資料,を,説明する,「に」はあいて、「を」は対象だよ。,受け手＋対象。,,
296,ぼく,は,朝,に,ジョギング,を,する,「に」は時間、「を」は対象だよ。,時間＋対象。,,
297,わたし,は,友達,から,連絡,を,受け取る,「から」はもと、「を」は対象だよ。,起点＋対象。,,
298,鳥,が,空,に,,,消えていく,「に」は行き先だよ。,到達点。,,
299,友達,が,教室,で,意見,を,述べる,「で」は場所、「を」は対象だよ。,場所＋対象。,,
300,先生,が,文化,について,説明,を,する,「について」はそのこと、「を」は対象だよ。,複合助詞＋対象。,,
301,ぼく,は,家,で,映画,を,楽しむ,「で」は場所、「を」は対象だよ。,場所＋対象。,,
302,わたし,は,駅,へ,,,向かう,「へ」は行き先だよ。,方向。,,
303,ねこ,が,机,の,下,で,眠る,「の」はつながり、「で」は場所だよ。,連体修飾＋場所。,,
304,犬,が,庭,から,外,へ,飛び出す,「から」ははじまり、「へ」は行き先だよ。,起点＋方向。,,
305,先生,が,学生,に,課題,を,出す,「に」はあいて、「を」は対象だよ。,受け手＋対象。,,
306,ぼく,は,図書館,で,資料,を,読む,「で」は場所、「を」は対象だよ。,場所＋対象。,,
307,わたし,は,朝,に,紅茶,を,飲む,「に」は時間、「を」は対象だよ。,時間＋対象。,,
308,鳥,が,空,を,,,飛び回る,「を」は通る場所だよ。,経路。,,
309,友達,が,駅,で,人,を,待つ,「で」は場所、「を」は対象だよ。,場所＋対象。,,
310,先生,が,問題,を,,,解く,「を」は対象だよ。,対格。,,
311,ぼく,は,夜,まで,作業,を,続ける,「まで」はおわりの時間、「を」は対象だよ。,終点＋対象。,,
312,わたし,は,海,で,泳ぎ,を,楽しむ,「で」は場所、「を」は対象だよ。,場所＋対象。,,
313,ねこ,が,ベッド,の,上,で,眠る,「の」はつながり、「で」は場所だよ。,連体修飾＋場所。,,
314,犬,が,道,を,,,歩く,「を」は通る場所だよ。,経路。,,
315,先生,が,学生,に,意見,を,聞く,「に」はあいて、「を」は対象だよ。,受け手＋対象。,,
316,ぼく,は,朝,に,新聞,を,読む,「に」は時間、「を」は対象だよ。,時間＋対象。,,
317,わたし,は,友達,と,会話,を,楽しむ,「と」はあいて、「を」は対象だよ。,共同＋対象。,,
318,鳥,が,川,に,,,降りる,「に」は行き先だよ。,到達点。,,
319,友達,が,教室,で,発言,を,する,「で」は場所、「を」は対象だよ。,場所＋対象。,,
320,先生,が,本,の,内容,を,説明する,「の」はつながり、「を」は対象だよ。,連体修飾＋対象。,,
321,ぼく,は,家,で,料理,を,する,「で」は場所、「を」は対象だよ。,場所＋対象。,,
322,わたし,は,公園,へ,,,向かう,「へ」は行き先だよ。,方向。,,
323,ねこ,が,机,の,下,で,休む,「の」はつながり、「で」は場所だよ。,連体修飾＋場所。,,
324,犬,が,庭,から,外,へ,出る,「から」ははじまり、「へ」は行き先だよ。,起点＋方向。,,
325,先生,が,学生,に,資料,を,配る,「に」はあいて、「を」は対象だよ。,受け手＋対象。,,
326,ぼく,は,図書館,で,本,を,借りる,「で」は場所、「を」は対象だよ。,場所＋対象。,,
327,わたし,は,朝,に,運動,を,する,「に」は時間、「を」は対象だよ。,時間＋対象。,,
328,鳥,が,空,を,,,飛び続ける,「を」は通る場所だよ。,経路。,,
329,友達,が,駅,で,電車,を,待つ,「で」は場所、「を」は対象だよ。,場所＋対象。,,
330,先生,が,問題,を,,,解説する,「を」は対象だよ。,対格。,,
331,ぼく,は,夜,に,映画,を,見る,「に」は時間、「を」は対象だよ。,時間＋対象。,,
332,わたし,は,学校,で,勉強,を,する,「で」は場所、「を」は対象だよ。,場所＋対象。,,
333,ねこ,が,窓,の,外,を,見る,「の」はつながり、「を」は対象だよ。,連体修飾＋対象。,,
334,犬,が,道,で,,,止まる,「で」は場所だよ。,動作場所。,,
335,先生,が,学生,と,会話,を,する,「と」はあいて、「を」は対象だよ。,共同＋対象。,,
336,ぼく,は,友達,に,電話,を,かける,「に」はあいて、「を」は対象だよ。,受け手＋対象。,,
337,わたし,は,朝,から,勉強,を,続ける,「から」ははじまり、「を」は対象だよ。,起点＋対象。,,
338,鳥,が,山,に,,,戻る,「に」は行き先だよ。,到達点。,,
339,友達,が,教室,で,発表,を,する,「で」は場所、「を」は対象だよ。,場所＋対象。,,
340,先生,が,本,について,話,を,する,「について」はそのこと、「を」は対象だよ。,複合助詞＋対象。,,
341,ぼく,は,家,で,ゲーム,を,する,「で」は場所、「を」は対象だよ。,場所＋対象。,,
342,わたし,は,駅,へ,,,急ぐ,「へ」は行き先だよ。,方向。,,
343,ねこ,が,棚,の,上,で,眠る,「の」はつながり、「で」は場所だよ。,連体修飾＋場所。,,
344,犬,が,庭,から,家,に,入る,「から」ははじまり、「に」は行き先だよ。,起点＋到達点。,,
345,先生,が,学生,に,宿題,を,出す,「に」はあいて、「を」は対象だよ。,受け手＋対象。,,
346,ぼく,は,図書館,で,調べ物,を,する,「で」は場所、「を」は対象だよ。,場所＋対象。,,
347,わたし,は,朝,に,コーヒー,を,飲む,「に」は時間、「を」は対象だよ。,時間＋対象。,,
348,鳥,が,空,を,,,飛び続ける,「を」は通る場所だよ。,経路。,,
349,友達,が,駅,で,電車,を,待つ,「で」は場所、「を」は対象だよ。,場所＋対象。,,
350,先生,が,問題,を,,,解説する,「を」は対象だよ。,対格。,,
351,ぼく,は,体育館,で,バスケットボール,を,する,「で」は場所、「を」はすることだよ。,動作場所＋対象。,,
352,わたし,は,昼,に,弁当,を,食べる,「に」は時間、「を」は食べるものだよ。,時間＋対象。,,
353,ねこ,が,庭,の,木,に,登る,「の」はつながり、「に」は行き先だよ。,連体修飾＋到達点。,,
354,犬,が,玄関,で,,,待つ,「で」は場所だよ。,動作場所。,,
355,先生,が,学生,に,資料,を,配布する,「に」はあいて、「を」は対象だよ。,受け手＋対象。,,
356,ぼく,は,友達,と,大会,に,出る,「と」はいっしょ、「に」は行き先だよ。,共同＋到達点。,,
357,わたし,は,駅,から,会社,まで,通勤する,「から」ははじまり、「まで」はおわりだよ。,起点＋終点。,,
358,鳥,が,湖,の,上,を,旋回する,「の」はつながり、「を」は通る場所だよ。,連体修飾＋経路。,,
359,友達,が,図書室,に,,,集まる,「に」は行き先だよ。,到達点。,,
360,先生,が,科学,について,実験,を,行う,「について」はそのこと、「を」はすることだよ。,複合助詞＋対象。,,
361,ぼく,は,夜,まで,宿題,を,終わらせる,「まで」はおわりの時間、「を」は対象だよ。,終点＋対象。,,
362,わたし,は,海辺,で,砂,を,集める,「で」は場所、「を」は対象だよ。,場所＋対象。,,
363,ねこ,が,ソファ,の,下,で,隠れる,「の」はつながり、「で」は場所だよ。,連体修飾＋場所。,,
364,犬,が,道路,を,,,走り抜ける,「を」は通る場所だよ。,経路。,,
365,先生,が,学生,と,計画,を,相談する,「と」はいっしょ、「を」は対象だよ。,共同＋対象。,,
366,ぼく,は,朝,から,トレーニング,を,続ける,「から」ははじまり、「を」は対象だよ。,起点＋対象。,,
367,わたし,は,友達,に,動画,を,送信する,「に」はあいて、「を」は対象だよ。,受け手＋対象。,,
368,鳥,が,山,に,,,降りる,「に」は行き先だよ。,到達点。,,
369,友達,が,自宅,で,課題,を,仕上げる,「で」は場所、「を」は対象だよ。,場所＋対象。,,
370,先生,が,問題,を,,,解答する,「を」は対象だよ。,対格。,,
371,ぼく,は,図書館,で,論文,を,読む,「で」は場所、「を」は対象だよ。,場所＋対象。,,
372,わたし,は,朝,に,味噌汁,を,作る,「に」は時間、「を」は対象だよ。,時間＋対象。,,
373,ねこ,が,外,で,鳥,を,追う,「の」はつながり、「で」は場所、「を」は対象だよ。,連体修飾＋場所＋対象。,,
374,犬,が,家,に,,,戻ってくる,「に」は行き先だよ。,到達点。,,
375,先生,が,学生,に,理論,を,説明する,「に」はあいて、「を」は対象だよ。,受け手＋対象。,,
376,ぼく,は,友達,と,議論,を,楽しむ,「と」はあいて、「を」は対象だよ。,共同＋対象。,,
377,わたし,は,駅,から,自転車,で,帰宅する,「から」ははじまり、「で」は手段だよ。,起点＋手段。,,
378,鳥,が,川,を,,,横切る,「を」は通る場所だよ。,経路。,,
379,友達,が,学校,で,発表,を,行う,「で」は場所、「を」は対象だよ。,場所＋対象。,,
380,先生,が,本,の,構造,を,解説する,「の」はつながり、「を」は対象だよ。,連体修飾＋対象。,,
381,ぼく,は,夜,に,音楽,を,聴く,「に」は時間、「を」は対象だよ。,時間＋対象。,,
382,わたし,は,公園,で,子ども,と,遊ぶ,「で」は場所、「と」はいっしょだよ。,場所＋共同。,,
383,ねこ,が,棚,の,上,で,くつろぐ,「の」はつながり、「で」は場所だよ。,連体修飾＋場所。,,
384,犬,が,道,から,庭,に,戻る,「から」ははじまり、「に」は行き先だよ。,起点＋到達点。,,
385,先生,が,学生,に,テーマ,を,提示する,「に」はあいて、「を」は対象だよ。,受け手＋対象。,,
386,ぼく,は,朝,に,ストレッチ,を,する,「に」は時間、「を」は対象だよ。,時間＋対象。,,
387,わたし,は,友達,から,情報,を,受け取る,「から」はもと、「を」は対象だよ。,起点＋対象。,,
388,鳥,が,空,に,,,舞う,「に」は行き先だよ。,到達点。,,
389,友達,が,教室,で,意見,を,共有する,「で」は場所、「を」は対象だよ。,場所＋対象。,,
390,先生,が,歴史,について,解説,を,する,「について」はそのこと、「を」は対象だよ。,複合助詞＋対象。,,
391,ぼく,は,家,で,動画,を,見る,「で」は場所、「を」は対象だよ。,場所＋対象。,,
392,わたし,は,駅,へ,,,移動する,「へ」は行き先だよ。,方向。,,
393,ねこ,が,机,の,下,で,眠る,「の」はつながり、「で」は場所だよ。,連体修飾＋場所。,,
394,犬,が,庭,から,外,へ,走り出す,「から」ははじまり、「へ」は行き先だよ。,起点＋方向。,,
395,先生,が,学生,に,課題,を,提示する,「に」はあいて、「を」は対象だよ。,受け手＋対象。,,
396,ぼく,は,図書館,で,文献,を,調べる,「で」は場所、「を」は対象だよ。,場所＋対象。,,
397,わたし,は,朝,に,紅茶,を,いれる,「に」は時間、「を」は対象だよ。,時間＋対象。,,
398,鳥,が,空,を,,,飛び回る,「を」は通る場所だよ。,経路。,,
399,友達,が,駅,で,人,を,待つ,「で」は場所、「を」は対象だよ。,場所＋対象。,,
400,先生,が,問題,を,,,解説する,「を」は対象だよ。,対格。,,
401,ぼく,は,夜,まで,作業,を,進める,「まで」はおわりの時間、「を」は対象だよ。,終点＋対象。,,
402,わたし,は,海,で,泳ぎ,を,練習する,「で」は場所、「を」は対象だよ。,場所＋対象。,,
403,ねこ,が,ベッド,の,上,で,眠る,「の」はつながり、「で」は場所だよ。,連体修飾＋場所。,,
404,犬,が,道,を,,,歩き続ける,「を」は通る場所だよ。,経路。,,
405,先生,が,学生,に,意見,を,求める,「に」はあいて、「を」は対象だよ。,受け手＋対象。,,
406,ぼく,は,朝,に,新聞,を,読む,「に」は時間、「を」は対象だよ。,時間＋対象。,,
407,わたし,は,友達,と,会話,を,楽しむ,「と」はあいて、「を」は対象だよ。,共同＋対象。,,
408,鳥,が,川,に,,,降りる,「に」は行き先だよ。,到達点。,,
409,友達,が,教室,で,発言,を,する,「で」は場所、「を」は対象だよ。,場所＋対象。,,
410,先生,が,本,の,内容,を,説明,「の」はつながり、「を」は対象だよ。,連体修飾＋対象。,,
411,ぼく,は,家,で,料理,を,作る,「で」は場所、「を」は対象だよ。,場所＋対象。,,
412,わたし,は,公園,へ,,,向かう,「へ」は行き先だよ。,方向。,,
413,ねこ,が,机,の,下,で,休む,「の」はつながり、「で」は場所だよ。,連体修飾＋場所。,,
414,犬,が,庭,から,外,へ,出る,「から」ははじまり、「へ」は行き先だよ。,起点＋方向。,,
415,先生,が,学生,に,資料,を,配る,「に」はあいて、「を」は対象だよ。,受け手＋対象。,,
416,ぼく,は,図書館,で,本,を,借りる,「で」は場所、「を」は対象だよ。,場所＋対象。,,
417,わたし,は,朝,に,運動,を,する,「に」は時間、「を」は対象だよ。,時間＋対象。,,
418,鳥,が,空,を,,,飛び続ける,「を」は通る場所だよ。,経路。,,
419,友達,が,駅,で,電車,を,待つ,「で」は場所、「を」は対象だよ。,場所＋対象。,,
420,先生,が,問題,を,,,解く,「を」は対象だよ。,対格。,,
421,ぼく,は,夜,に,映画,を,見る,「に」は時間、「を」は対象だよ。,時間＋対象。,,
422,わたし,は,学校,で,勉強,を,する,「で」は場所、「を」は対象だよ。,場所＋対象。,,
423,ねこ,が,窓,の,外,を,見る,「の」はつながり、「を」は対象だよ。,連体修飾＋対象。,,
424,犬,が,道,で,,,止まる,「で」は場所だよ。,動作場所。,,
425,先生,が,学生,と,会話,を,する,「と」はあいて、「を」は対象だよ。,共同＋対象。,,
426,ぼく,は,友達,に,電話,を,かける,「に」はあいて、「を」は対象だよ。,受け手＋対象。,,
427,わたし,は,朝,から,勉強,を,続ける,「から」ははじまり、「を」は対象だよ。,起点＋対象。,,
428,鳥,が,山,に,,,戻る,「に」は行き先だよ。,到達点。,,
429,友達,が,教室,で,発表,を,する,「で」は場所、「を」は対象だよ。,場所＋対象。,,
430,先生,が,本,について,話,を,する,「について」はそのこと、「を」は対象だよ。,複合助詞＋対象。,,
431,ぼく,は,家,で,ゲーム,を,する,「で」は場所、「を」は対象だよ。,場所＋対象。,,
432,わたし,は,駅,へ,,,急ぐ,「へ」は行き先だよ。,方向。,,
433,ねこ,が,棚,の,上,で,眠る,「の」はつながり、「で」は場所だよ。,連体修飾＋場所。,,
434,犬,が,庭,から,家,に,入る,「から」ははじまり、「に」は行き先だよ。,起点＋到達点。,,
435,先生,が,学生,に,宿題,を,出す,「に」はあいて、「を」は対象だよ。,受け手＋対象。,,
436,ぼく,は,図書館,で,調べ物,を,する,「で」は場所、「を」は対象だよ。,場所＋対象。,,
437,わたし,は,朝,に,コーヒー,を,飲む,「に」は時間、「を」は対象だよ。,時間＋対象。,,
438,鳥,が,空,を,,,飛び続ける,「を」は通る場所だよ。,経路。,,
439,友達,が,駅,で,電車,を,待つ,「で」は場所、「を」は対象だよ。,場所＋対象。,,
440,先生,が,問題,を,,,解説する,「を」は対象だよ。,対格。,,
441,ぼく,は,夜,に,映画,を,見る,「に」は時間、「を」は対象だよ。,時間＋対象。,,
442,わたし,は,学校,で,勉強,を,する,「で」は場所、「を」は対象だよ。,場所＋対象。,,
443,ねこ,が,窓,の,外,を,見る,「の」はつながり、「を」は対象だよ。,連体修飾＋対象。,,
444,犬,が,道,で,,,止まる,「で」は場所だよ。,動作場所。,,
445,先生,が,学生,と,会話,を,する,「と」はあいて、「を」は対象だよ。,共同＋対象。,,
446,ぼく,は,友達,に,電話,を,かける,「に」はあいて、「を」は対象だよ。,受け手＋対象。,,
447,わたし,は,朝,から,勉強,を,続ける,「から」ははじまり、「を」は対象だよ。,起点＋対象。,,
448,鳥,が,山,に,,,戻る,「に」は行き先だよ。,到達点。,,
449,友達,が,教室,で,発表,を,する,「で」は場所、「を」は対象だよ。,場所＋対象。,,
450,先生,が,本,について,話,を,する,「について」はそのこと、「を」は対象だよ。,複合助詞＋対象。,,
451,ぼく,は,家,で,ゲーム,を,する,「で」は場所、「を」は対象だよ。,場所＋対象。,,
452,わたし,は,駅,へ,,,急ぐ,「へ」は行き先だよ。,方向。,,
453,ねこ,が,棚,の,上,で,眠る,「の」はつながり、「で」は場所だよ。,連体修飾＋場所。,,
454,犬,が,庭,から,家,に,入る,「から」ははじまり、「に」は行き先だよ。,起点＋到達点。,,
455,先生,が,学生,に,宿題,を,出す,「に」はあいて、「を」は対象だよ。,受け手＋対象。,,
456,ぼく,は,図書館,で,調べ物,を,する,「で」は場所、「を」は対象だよ。,場所＋対象。,,
457,わたし,は,朝,に,コーヒー,を,飲む,「に」は時間、「を」は対象だよ。,時間＋対象。,,
458,鳥,が,空,を,,,飛び続ける,「を」は通る場所だよ。,経路。,,
459,友達,が,駅,で,電車,を,待つ,「で」は場所、「を」は対象だよ。,場所＋対象。,,
460,先生,が,問題,を,,,解説する,「を」は対象だよ。,対格。,,
461,ぼく,は,夜,に,映画,を,見る,「に」は時間、「を」は対象だよ。,時間＋対象。,,
462,わたし,は,学校,で,勉強,を,する,「で」は場所、「を」は対象だよ。,場所＋対象。,,
463,ねこ,が,窓,の,外,を,見る,「の」はつながり、「を」は対象だよ。,連体修飾＋対象。,,
464,犬,が,道,で,,,止まる,「で」は場所だよ。,動作場所。,,
465,先生,が,学生,と,会話,を,する,「と」はあいて、「を」は対象だよ。,共同＋対象。,,
466,ぼく,は,友達,に,電話,を,かける,「に」はあいて、「を」は対象だよ。,受け手＋対象。,,
467,わたし,は,朝,から,勉強,を,続ける,「から」ははじまり、「を」は対象だよ。,起点＋対象。,,
468,鳥,が,山,に,,,戻る,「に」は行き先だよ。,到達点。,,
469,友達,が,教室,で,発表,を,する,「で」は場所、「を」は対象だよ。,場所＋対象。,,
470,先生,が,本,について,話,を,する,「について」はそのこと、「を」は対象だよ。,複合助詞＋対象。,,
471,ぼく,は,家,で,ゲーム,を,する,「で」は場所、「を」は対象だよ。,場所＋対象。,,
472,わたし,は,駅,へ,,,急ぐ,「へ」は行き先だよ。,方向。,,
473,ねこ,が,棚,の,上,で,眠る,「の」はつながり、「で」は場所だよ。,連体修飾＋場所。,,
474,犬,が,庭,から,家,に,入る,「から」ははじまり、「に」は行き先だよ。,起点＋到達点。,,
475,先生,が,学生,に,宿題,を,出す,「に」はあいて、「を」は対象だよ。,受け手＋対象。,,
476,ぼく,は,図書館,で,調べ物,を,する,「で」は場所、「を」は対象だよ。,場所＋対象。,,
477,わたし,は,朝,に,コーヒー,を,飲む,「に」は時間、「を」は対象だよ。,時間＋対象。,,
478,鳥,が,空,を,,,飛び続ける,「を」は通る場所だよ。,経路。,,
479,友達,が,駅,で,電車,を,待つ,「で」は場所、「を」は対象だよ。,場所＋対象。,,
480,先生,が,問題,を,,,解説する,「を」は対象だよ。,対格。,,
481,ぼく,は,夜,に,映画,を,見る,「に」は時間、「を」は対象だよ。,時間＋対象。,,
482,わたし,は,学校,で,勉強,を,する,「で」は場所、「を」は対象だよ。,場所＋対象。,,
483,ねこ,が,窓,の,外,を,見る,「の」はつながり、「を」は対象だよ。,連体修飾＋対象。,,
484,犬,が,道,で,,,止まる,「で」は場所だよ。,動作場所。,,
485,先生,が,学生,と,会話,を,する,「と」はあいて、「を」は対象だよ。,共同＋対象。,,
486,ぼく,は,友達,に,電話,を,かける,「に」はあいて、「を」は対象だよ。,受け手＋対象。,,
487,わたし,は,朝,から,勉強,を,続ける,「から」ははじまり、「を」は対象だよ。,起点＋対象。,,
488,鳥,が,山,に,,,戻る,「に」は行き先だよ。,到達点。,,
489,友達,が,教室,で,発表,を,する,「で」は場所、「を」は対象だよ。,場所＋対象。,,
490,先生,が,本,について,話,を,する,「について」はそのこと、「を」は対象だよ。,複合助詞＋対象。,,
491,ぼく,は,家,で,ゲーム,を,する,「で」は場所、「を」は対象だよ。,場所＋対象。,,
492,わたし,は,駅,へ,,,急ぐ,「へ」は行き先だよ。,方向。,,
493,ねこ,が,棚,の,上,で,眠る,「の」はつながり、「で」は場所だよ。,連体修飾＋場所。,,
494,犬,が,庭,から,家,に,入る,「から」ははじまり、「に」は行き先だよ。,起点＋到達点。,,
495,先生,が,学生,に,宿題,を,出す,「に」はあいて、「を」は対象だよ。,受け手＋対象。,,
496,ぼく,は,図書館,で,調べ物,を,する,「で」は場所、「を」は対象だよ。,場所＋対象。,,
497,わたし,は,朝,に,コーヒー,を,飲む,「に」は時間、「を」は対象だよ。,時間＋対象。,,
498,鳥,が,空,を,,,飛び続ける,「を」は通る場所だよ。,経路。,,
499,友達,が,駅,で,電車,を,待つ,「で」は場所、「を」は対象だよ。,場所＋対象。,,
500,先生,が,問題,を,,,解説する,「を」は対象だよ。,対格。,,
501,ぼく,は,大会,に,向けて,,練習する,「に向けて」はそのため、「を」はすることだよ。,目的「に向けて」＋対象。,,
502,わたし,は,朝,から,授業,に,集中する,「から」ははじまり、「に」は向かう先だよ。,起点＋方向性。,,
503,ねこ,が,外,に,目,を,向ける,「の」はつながり、「に」は行き先、「を」は対象だよ。,連体修飾＋到達点＋対象。,,
504,犬,が,主人,に,しっぽ,を,振る,「に」はあいて、「を」は対象だよ。,対象相手＋対象。,,
505,先生,が,学生,に対して,意見,を,求める,「に対して」はあいて、「を」は対象だよ。,対象方向＋対格。,,
506,ぼく,は,友達,とともに,プロジェクト,を,進める,「とともに」はいっしょ、「を」は対象だよ。,共同＋対象。,,
507,わたし,は,駅,から,徒歩,で,帰宅する,「から」ははじまり、「で」は手段だよ。,起点＋手段。,,
508,鳥,が,空,を,自由,に,飛び回る,「を」は通る場所だよ。,経路。,,
509,友達,が,教室,に,,,集まり始める,「に」は行き先だよ。,到達点。,,
510,先生,が,環境,について,議論,を,行う,「について」はそのこと、「を」は対象だよ。,複合助詞＋対象。,,
511,ぼく,は,夜,まで,課題,を,続ける,「まで」はおわりの時間、「を」は対象だよ。,終点＋対象。,,
512,わたし,は,海岸,で,貝殻,を,拾う,「で」は場所、「を」は対象だよ。,場所＋対象。,,
513,ねこ,が,机,の,上,で,丸くなる,「の」はつながり、「で」は場所だよ。,連体修飾＋場所。,,
514,犬,が,道,を,,,駆け抜ける,「を」は通る場所だよ。,経路。,,
515,先生,が,学生,と,協力,して,研究する,「と」はいっしょ、「を」は対象だよ。,共同＋対象。,,
516,ぼく,は,朝,から,運動,を,続ける,「から」ははじまり、「を」は対象だよ。,起点＋対象。,,
517,わたし,は,友達,に,連絡,を,取る,「に」はあいて、「を」は対象だよ。,受け手＋対象。,,
518,鳥,が,山,に,,,向かって飛ぶ,「に」は行き先だよ。,到達点。,,
519,友達,が,家,で,宿題,を,進める,「で」は場所、「を」は対象だよ。,場所＋対象。,,
520,先生,が,問題,を,,,詳しく説明する,「を」は対象だよ。,対格。,,
521,ぼく,は,図書館,で,専門書,を,読む,「で」は場所、「を」は対象だよ。,場所＋対象。,,
522,わたし,は,朝,に,朝食,を,準備する,「に」は時間、「を」は対象だよ。,時間＋対象。,,
523,犬,が,外,で,鳥,を,追いかける,「の」はつながり、「で」は場所、「を」は対象だよ。,連体修飾＋場所＋対象。,,
524,犬,が,家,に,,,戻ってくる,「に」は行き先だよ。,到達点。,,
525,先生,が,学生,に,考え方,を,教える,「に」はあいて、「を」は対象だよ。,受け手＋対象。,,
526,ぼく,は,友達,と,意見,を,交換する,「と」はあいて、「を」は対象だよ。,共同＋対象。,,
527,わたし,は,駅,から,電車,で,移動する,「から」ははじまり、「で」は手段だよ。,起点＋手段。,,
528,鳥,が,川,を,,,越えていく,「を」は通る場所だよ。,経路。,,
529,友達,が,学校,で,発言,を,する,「で」は場所、「を」は対象だよ。,場所＋対象。,,
530,先生,が,本,の,内容,を,まとめる,「の」はつながり、「を」は対象だよ。,連体修飾＋対象。,,
531,ぼく,は,夜,に,音楽,を,楽しむ,「に」は時間、「を」は対象だよ。,時間＋対象。,,
532,わたし,は,公園,で,子ども,と,遊ぶ,「で」は場所、「と」はいっしょだよ。,場所＋共同。,,
533,ねこ,が,棚,の,上,で,休む,「の」はつながり、「で」は場所だよ。,連体修飾＋場所。,,
534,犬,が,道,から,庭,に,戻る,「から」ははじまり、「に」は行き先だよ。,起点＋到達点。,,
535,先生,が,学生,に,テーマ,を,与える,「に」はあいて、「を」は対象だよ。,受け手＋対象。,,
536,ぼく,は,朝,に,準備,を,整える,「に」は時間、「を」は対象だよ。,時間＋対象。,,
537,わたし,は,友達,から,情報,を,得る,「から」はもと、「を」は対象だよ。,起点＋対象。,,
538,鳥,が,空,に,,,舞い上がる,「に」は行き先だよ。,到達点。,,
539,友達,が,教室,で,発表,を,行う,「で」は場所、「を」は対象だよ。,場所＋対象。,,
540,先生,が,歴史,について,説明,を,する,「について」はそのこと、「を」は対象だよ。,複合助詞＋対象。,,
541,ぼく,は,家,で,映像,を,見る,「で」は場所、「を」は対象だよ。,場所＋対象。,,
542,わたし,は,駅,へ,,,急ぐ,「へ」は行き先だよ。,方向。,,
543,ねこ,が,机,の,下,で,眠る,「の」はつながり、「で」は場所だよ。,連体修飾＋場所。,,
544,犬,が,庭,から,外,へ,飛び出す,「から」ははじまり、「へ」は行き先だよ。,起点＋方向。,,
545,先生,が,学生,に,課題,を,提示する,「に」はあいて、「を」は対象だよ。,受け手＋対象。,,
546,ぼく,は,図書館,で,資料,を,整理する,「で」は場所、「を」は対象だよ。,場所＋対象。,,
547,わたし,は,朝,に,飲み物,を,用意する,「に」は時間、「を」は対象だよ。,時間＋対象。,,
548,鳥,が,空,を,,,飛び回る,「を」は通る場所だよ。,経路。,,
549,友達,が,駅,で,待ち合わせ,を,する,「で」は場所、「を」は対象だよ。,場所＋対象。,,
550,先生,が,問題,を,,,分析する,「を」は対象だよ。,対格。,,
551,ぼく,は,夜,まで,作業,を,終える,「まで」はおわりの時間、「を」は対象だよ。,終点＋対象。,,
552,わたし,は,海,で,泳ぎ,を,楽しむ,「で」は場所、「を」は対象だよ。,場所＋対象。,,
553,ねこ,が,ベッド,の,上,で,眠る,「の」はつながり、「で」は場所だよ。,連体修飾＋場所。,,
554,犬,が,道,を,,,歩き続ける,「を」は通る場所だよ。,経路。,,
555,先生,が,学生,に,質問,を,投げる,「に」はあいて、「を」は対象だよ。,受け手＋対象。,,
556,ぼく,は,朝,に,新聞,を,読む,「に」は時間、「を」は対象だよ。,時間＋対象。,,
557,わたし,は,友達,と,会話,を,楽しむ,「と」はあいて、「を」は対象だよ。,共同＋対象。,,
558,鳥,が,川,に,,,降りる,「に」は行き先だよ。,到達点。,,
559,友達,が,教室,で,意見,を,発表する,「で」は場所、「を」は対象だよ。,場所＋対象。,,
560,先生,が,本,の,要点,を,説明する,「の」はつながり、「を」は対象だよ。,連体修飾＋対象。,,
561,ぼく,は,家,で,料理,を,作る,「で」は場所、「を」は対象だよ。,場所＋対象。,,
562,わたし,は,公園,へ,,,向かう,「へ」は行き先だよ。,方向。,,
563,ねこ,が,机,の,下,で,休む,「の」はつながり、「で」は場所だよ。,連体修飾＋場所。,,
564,犬,が,庭,から,外,へ,出る,「から」ははじまり、「へ」は行き先だよ。,起点＋方向。,,
565,先生,が,学生,に,資料,を,配る,「に」はあいて、「を」は対象だよ。,受け手＋対象。,,
566,ぼく,は,図書館,で,本,を,借りる,「で」は場所、「を」は対象だよ。,場所＋対象。,,
567,わたし,は,朝,に,運動,を,する,「に」は時間、「を」は対象だよ。,時間＋対象。,,
568,鳥,が,空,を,,,飛び続ける,「を」は通る場所だよ。,経路。,,
569,友達,が,駅,で,電車,を,待つ,「で」は場所、「を」は対象だよ。,場所＋対象。,,
570,先生,が,問題,を,,,解く,「を」は対象だよ。,対格。,,
571,ぼく,は,夜,に,映画,を,見る,「に」は時間、「を」は対象だよ。,時間＋対象。,,
572,わたし,は,学校,で,勉強,を,する,「で」は場所、「を」は対象だよ。,場所＋対象。,,
573,ねこ,が,窓,の,外,を,見る,「の」はつながり、「を」は対象だよ。,連体修飾＋対象。,,
574,犬,が,道,で,,,止まる,「で」は場所だよ。,動作場所。,,
575,先生,が,学生,と,会話,を,する,「と」はあいて、「を」は対象だよ。,共同＋対象。,,
576,ぼく,は,友達,に,電話,を,かける,「に」はあいて、「を」は対象だよ。,受け手＋対象。,,
577,わたし,は,朝,から,勉強,を,続ける,「から」ははじまり、「を」は対象だよ。,起点＋対象。,,
578,鳥,が,山,に,,,戻る,「に」は行き先だよ。,到達点。,,
579,友達,が,教室,で,発表,を,する,「で」は場所、「を」は対象だよ。,場所＋対象。,,
580,先生,が,本,について,話,を,する,「について」はそのこと、「を」は対象だよ。,複合助詞＋対象。,,
581,ぼく,は,家,で,ゲーム,を,する,「で」は場所、「を」は対象だよ。,場所＋対象。,,
582,わたし,は,駅,へ,,,急ぐ,「へ」は行き先だよ。,方向。,,
583,ねこ,が,棚,の,上,で,眠る,「の」はつながり、「で」は場所だよ。,連体修飾＋場所。,,
584,犬,が,庭,から,家,に,入る,「から」ははじまり、「に」は行き先だよ。,起点＋到達点。,,
585,先生,が,学生,に,宿題,を,出す,「に」はあいて、「を」は対象だよ。,受け手＋対象。,,
586,ぼく,は,図書館,で,調べ物,を,する,「で」は場所、「を」は対象だよ。,場所＋対象。,,
587,わたし,は,朝,に,コーヒー,を,飲む,「に」は時間、「を」は対象だよ。,時間＋対象。,,
588,鳥,が,空,を,,,飛び続ける,「を」は通る場所だよ。,経路。,,
589,友達,が,駅,で,電車,を,待つ,「で」は場所、「を」は対象だよ。,場所＋対象。,,
590,先生,が,問題,を,,,解説する,「を」は対象だよ。,対格。,,
591,ぼく,は,夜,に,映画,を,見る,「に」は時間、「を」は対象だよ。,時間＋対象。,,
592,わたし,は,学校,で,勉強,を,する,「で」は場所、「を」は対象だよ。,場所＋対象。,,
593,ねこ,が,窓,の,外,を,見る,「の」はつながり、「を」は対象だよ。,連体修飾＋対象。,,
594,犬,が,道,で,,,止まる,「で」は場所だよ。,動作場所。,,
595,先生,が,学生,と,会話,を,する,「と」はあいて、「を」は対象だよ。,共同＋対象。,,
596,ぼく,は,友達,に,電話,を,かける,「に」はあいて、「を」は対象だよ。,受け手＋対象。,,
597,わたし,は,朝,から,勉強,を,続ける,「から」ははじまり、「を」は対象だよ。,起点＋対象。,,
598,鳥,が,山,に,,,戻る,「に」は行き先だよ。,到達点。,,
599,友達,が,教室,で,発表,を,する,「で」は場所、「を」は対象だよ。,場所＋対象。,,
600,先生,が,本,について,話,を,する,「について」はそのこと、「を」は対象だよ。,複合助詞＋対象。,,
601,ぼく,は,試験,の,計画,を,立てる,「に向けて」はそのため、「を」はすることだよ。,目的＋対象。,,
602,わたし,は,昼休み,に,友達,と,話す,「に」は時間、「と」はいっしょだよ。,時間＋共同。,,
603,ねこ,が,石,の,上,で,眠る,「の」はつながり、「で」は場所だよ。,連体修飾＋場所。,,
604,犬,が,主人,に,,,飛びつく,「に」はあいてだよ。,対象相手。,,
605,先生,が,学生,に対して,指示,を,出す,「に対して」はあいて、「を」は対象だよ。,対象方向＋対格。,,
606,ぼく,は,友達,とともに,課題,を,解決する,「とともに」はいっしょ、「を」は対象だよ。,共同＋対象。,,
607,わたし,は,駅,から,徒歩,で,帰る,「から」ははじまり、「で」は手段だよ。,起点＋手段。,,
608,鳥,が,空,を,,,旋回する,「を」は通る場所だよ。,経路。,,
609,友達,が,教室,に,,,入る,「に」は行き先だよ。,到達点。,,
610,先生,が,環境問題,について,議論,を,深める,「について」はそのこと、「を」は対象だよ。,複合助詞＋対象。,,
611,ぼく,は,夜,まで,勉強,を,続ける,「まで」はおわり、「を」は対象だよ。,終点＋対象。,,
612,わたし,は,川辺,で,石,を,投げる,「で」は場所、「を」は対象だよ。,場所＋対象。,,
613,ねこ,が,机,の,下,で,じっとしている,「の」はつながり、「で」は場所だよ。,連体修飾＋場所。,,
614,犬,が,道,を,,,勢いよく走る,「を」は通る場所だよ。,経路。,,
615,先生,が,学生,と,調査,を,行う,「と」はいっしょ、「を」は対象だよ。,共同＋対象。,,
616,ぼく,は,朝,から,ランニング,を,始める,「から」ははじまり、「を」は対象だよ。,起点＋対象。,,
617,わたし,は,友達,に,メッセージ,を,送る,「に」はあいて、「を」は対象だよ。,受け手＋対象。,,
618,鳥,が,山,に,,,一直線に飛ぶ,「に」は行き先だよ。,到達点。,,
619,友達,が,家,で,レポート,を,書く,「で」は場所、「を」は対象だよ。,場所＋対象。,,
620,先生,が,問題,を,,,丁寧に解説する,「を」は対象だよ。,対格。,,
621,ぼく,は,図書館,で,資料,を,探す,「で」は場所、「を」は対象だよ。,場所＋対象。,,
622,わたし,は,朝,に,ご飯,を,食べる,「に」は時間、「を」は対象だよ。,時間＋対象。,,
623,ねこ,が,外,で,虫,を,追う,「の」はつながり、「で」は場所、「を」は対象だよ。,連体修飾＋場所＋対象。,,
624,犬,が,家,に,,,急いで戻る,「に」は行き先だよ。,到達点。,,
625,先生,が,学生,に,解答,を,示す,「に」はあいて、「を」は対象だよ。,受け手＋対象。,,
626,ぼく,は,友達,と,話題,を,共有する,「と」はあいて、「を」は対象だよ。,共同＋対象。,,
627,わたし,は,駅,から,バス,で,移動する,「から」ははじまり、「で」は手段だよ。,起点＋手段。,,
628,鳥,が,川,を,,,低く飛ぶ,「を」は通る場所だよ。,経路。,,
629,友達,が,学校,で,意見,を,述べる,「で」は場所、「を」は対象だよ。,場所＋対象。,,
630,先生,が,本,の,内容,を,説明する,「の」はつながり、「を」は対象だよ。,連体修飾＋対象。,,
631,ぼく,は,夜,に,音楽,を,聴く,「に」は時間、「を」は対象だよ。,時間＋対象。,,
632,わたし,は,公園,で,友達,と,遊ぶ,「で」は場所、「と」はいっしょだよ。,場所＋共同。,,
633,ねこ,が,棚,の,上,で,丸くなる,「の」はつながり、「で」は場所だよ。,連体修飾＋場所。,,
634,犬,が,道,から,家,に,戻る,「から」ははじまり、「に」は行き先だよ。,起点＋到達点。,,
635,先生,が,学生,に,課題,を,与える,「に」はあいて、「を」は対象だよ。,受け手＋対象。,,
636,ぼく,は,朝,に,準備,を,する,「に」は時間、「を」は対象だよ。,時間＋対象。,,
637,わたし,は,友達,から,情報,を,聞く,「から」はもと、「を」は対象だよ。,起点＋対象。,,
638,鳥,が,空,に,,,高く舞う,「に」は行き先だよ。,到達点。,,
639,友達,が,教室,で,発言,を,する,「で」は場所、「を」は対象だよ。,場所＋対象。,,
640,先生,が,歴史,について,説明,を,する,「について」はそのこと、「を」は対象だよ。,複合助詞＋対象。,,
641,ぼく,は,家,で,映画,を,見る,「で」は場所、「を」は対象だよ。,場所＋対象。,,
642,わたし,は,駅,へ,,,向かう,「へ」は行き先だよ。,方向。,,
643,ねこ,が,机,の,下,で,眠る,「の」はつながり、「で」は場所だよ。,連体修飾＋場所。,,
644,犬,が,庭,から,外,へ,出る,「から」ははじまり、「へ」は行き先だよ。,起点＋方向。,,
645,先生,が,学生,に,資料,を,渡す,「に」はあいて、「を」は対象だよ。,受け手＋対象。,,
646,ぼく,は,図書館,で,本,を,読む,「で」は場所、「を」は対象だよ。,場所＋対象。,,
647,わたし,は,朝,に,飲み物,を,飲む,「に」は時間、「を」は対象だよ。,時間＋対象。,,
648,鳥,が,空,を,,,自由に飛ぶ,「を」は通る場所だよ。,経路。,,
649,友達,が,駅,で,人,を,待つ,「で」は場所、「を」は対象だよ。,場所＋対象。,,
650,先生,が,問題,を,,,解説する,「を」は対象だよ。,対格。,,
651,ぼく,は,夜,まで,作業,を,終える,「まで」はおわり、「を」は対象だよ。,終点＋対象。,,
652,わたし,は,海,で,泳ぎ,を,楽しむ,「で」は場所、「を」は対象だよ。,場所＋対象。,,
653,ねこ,が,ベッド,の,上,で,眠る,「の」はつながり、「で」は場所だよ。,連体修飾＋場所。,,
654,犬,が,道,を,,,歩き続ける,「を」は通る場所だよ。,経路。,,
655,先生,が,学生,に,質問,を,する,「に」はあいて、「を」は対象だよ。,受け手＋対象。,,
656,ぼく,は,朝,に,新聞,を,読む,「に」は時間、「を」は対象だよ。,時間＋対象。,,
657,わたし,は,友達,と,会話,を,楽しむ,「と」はあいて、「を」は対象だよ。,共同＋対象。,,
658,鳥,が,川,に,,,降りる,「に」は行き先だよ。,到達点。,,
659,友達,が,教室,で,意見,を,発表する,「で」は場所、「を」は対象だよ。,場所＋対象。,,
660,先生,が,本,の,要点,を,説明する,「の」はつながり、「を」は対象だよ。,連体修飾＋対象。,,
661,ぼく,は,家,で,料理,を,する,「で」は場所、「を」は対象だよ。,場所＋対象。,,
662,わたし,は,公園,へ,,,向かう,「へ」は行き先だよ。,方向。,,
663,ねこ,が,机,の,下,で,休む,「の」はつながり、「で」は場所だよ。,連体修飾＋場所。,,
664,犬,が,庭,から,外,へ,走る,「から」ははじまり、「へ」は行き先だよ。,起点＋方向。,,
665,先生,が,学生,に,資料,を,配る,「に」はあいて、「を」は対象だよ。,受け手＋対象。,,
666,ぼく,は,図書館,で,本,を,借りる,「で」は場所、「を」は対象だよ。,場所＋対象。,,
667,わたし,は,朝,に,運動,を,する,「に」は時間、「を」は対象だよ。,時間＋対象。,,
668,鳥,が,空,を,,,飛び続ける,「を」は通る場所だよ。,経路。,,
669,友達,が,駅,で,電車,を,待つ,「で」は場所、「を」は対象だよ。,場所＋対象。,,
670,先生,が,問題,を,,,解く,「を」は対象だよ。,対格。,,
671,ぼく,は,夜,に,映画,を,見る,「に」は時間、「を」は対象だよ。,時間＋対象。,,
672,わたし,は,学校,で,勉強,を,する,「で」は場所、「を」は対象だよ。,場所＋対象。,,
673,ねこ,が,窓,の,外,を,見る,「の」はつながり、「を」は対象だよ。,連体修飾＋対象。,,
674,犬,が,道,で,,,止まる,「で」は場所だよ。,動作場所。,,
675,先生,が,学生,と,話,を,する,「と」はあいて、「を」は対象だよ。,共同＋対象。,,
676,ぼく,は,友達,に,連絡,を,する,「に」はあいて、「を」は対象だよ。,受け手＋対象。,,
677,わたし,は,朝,から,勉強,を,続ける,「から」ははじまり、「を」は対象だよ。,起点＋対象。,,
678,鳥,が,山,に,,,戻る,「に」は行き先だよ。,到達点。,,
679,友達,が,教室,で,発表,を,する,「で」は場所、「を」は対象だよ。,場所＋対象。,,
680,先生,が,本,について,話,を,する,「について」はそのこと、「を」は対象だよ。,複合助詞＋対象。,,
681,ぼく,は,家,で,ゲーム,を,する,「で」は場所、「を」は対象だよ。,場所＋対象。,,
682,わたし,は,駅,へ,,,急ぐ,「へ」は行き先だよ。,方向。,,
683,ねこ,が,棚,の,上,で,眠る,「の」はつながり、「で」は場所だよ。,連体修飾＋場所。,,
684,犬,が,庭,から,家,に,入る,「から」ははじまり、「に」は行き先だよ。,起点＋到達点。,,
685,先生,が,学生,に,宿題,を,出す,「に」はあいて、「を」は対象だよ。,受け手＋対象。,,
686,ぼく,は,図書館,で,調べ物,を,する,「で」は場所、「を」は対象だよ。,場所＋対象。,,
687,わたし,は,朝,に,コーヒー,を,飲む,「に」は時間、「を」は対象だよ。,時間＋対象。,,
688,鳥,が,空,を,,,飛び続ける,「を」は通る場所だよ。,経路。,,
689,友達,が,駅,で,電車,を,待つ,「で」は場所、「を」は対象だよ。,場所＋対象。,,
690,先生,が,問題,を,,,解説する,「を」は対象だよ。,対格。,,
691,ぼく,は,夜,に,映画,を,見る,「に」は時間、「を」は対象だよ。,時間＋対象。,,
692,わたし,は,学校,で,勉強,を,する,「で」は場所、「を」は対象だよ。,場所＋対象。,,
693,ねこ,が,窓,の,外,を,見る,「の」はつながり、「を」は対象だよ。,連体修飾＋対象。,,
694,犬,が,道,で,,,止まる,「で」は場所だよ。,動作場所。,,
695,先生,が,学生,と,会話,を,する,「と」はあいて、「を」は対象だよ。,共同＋対象。,,
696,ぼく,は,友達,に,電話,を,かける,「に」はあいて、「を」は対象だよ。,受け手＋対象。,,
697,わたし,は,朝,から,勉強,を,続ける,「から」ははじまり、「を」は対象だよ。,起点＋対象。,,
698,鳥,が,山,に,,,戻る,「に」は行き先だよ。,到達点。,,
699,友達,が,教室,で,発表,を,する,「で」は場所、「を」は対象だよ。,場所＋対象。,,
700,先生,が,本,について,話,を,する,「について」はそのこと、「を」は対象だよ。,複合助詞＋対象。,,
701,ぼく,は,将来,に,目標,を,立てる,「に」は向かう先、「を」はすることだよ。,到達点＋対象。,,
702,わたし,は,朝,に,予定,を,確認する,「に」は時間、「を」は対象だよ。,時間＋対象。,,
703,ねこ,が,庭,の,花,を,眺める,「の」はつながり、「を」は対象だよ。,連体修飾＋対格。,,
704,犬,が,飼い主,に,元気,を,示す,「に」はあいて、「を」は対象だよ。,受け手＋対象。,,
705,先生,が,学生,に,意見,を,求める,「に」はあいて、「を」は対象だよ。,受け手＋対象。,,
706,ぼく,は,友達,と,旅行,を,計画する,「と」はいっしょ、「を」は対象だよ。,共同＋対象。,,
707,わたし,は,家,から,学校,まで,歩く,「から」ははじまり、「まで」はおわりだよ。,起点＋終点。,,
708,鳥,が,空,を,高く,,飛ぶ,「を」は通る場所だよ。,経路。,,
709,友達,が,教室,に,,,入る,「に」は行き先だよ。,到達点。,,
710,先生,が,社会問題,について,説明,を,する,「について」はそのこと、「を」は対象だよ。,複合助詞＋対象。,,
711,ぼく,は,夜,まで,勉強,を,続ける,「まで」はおわり、「を」は対象だよ。,終点＋対象。,,
712,わたし,は,公園,で,写真,を,撮る,「で」は場所、「を」は対象だよ。,場所＋対象。,,
713,ねこ,が,机,の,下,で,休む,「の」はつながり、「で」は場所だよ。,連体修飾＋場所。,,
714,犬,が,道,を,,,走る,「を」は通る場所だよ。,経路。,,
715,先生,が,学生,と,議論,を,行う,「と」はいっしょ、「を」は対象だよ。,共同＋対象。,,
716,ぼく,は,朝,から,練習,を,始める,「から」ははじまり、「を」は対象だよ。,起点＋対象。,,
717,わたし,は,友達,に,手紙,を,送る,「に」はあいて、「を」は対象だよ。,受け手＋対象。,,
718,鳥,が,山,に,,,向かう,「に」は行き先だよ。,到達点。,,
719,友達,が,家,で,宿題,を,する,「で」は場所、「を」は対象だよ。,場所＋対象。,,
720,先生,が,問題,を,,,解く,「を」は対象だよ。,対格。,,
721,ぼく,は,図書館,で,本,を,読む,「で」は場所、「を」は対象だよ。,場所＋対象。,,
722,わたし,は,昼,に,昼食,を,食べる,「に」は時間、「を」は対象だよ。,時間＋対象。,,
723,ねこ,が,窓,の,外,を,見る,「の」はつながり、「を」は対象だよ。,連体修飾＋対象。,,
724,犬,が,家,に,,,帰る,「に」は行き先だよ。,到達点。,,
725,先生,が,学生,に,方法,を,教える,「に」はあいて、「を」は対象だよ。,受け手＋対象。,,
726,ぼく,は,友達,と,会話,を,楽しむ,「と」はあいて、「を」は対象だよ。,共同＋対象。,,
727,わたし,は,駅,から,バス,で,移動する,「から」ははじまり、「で」は手段だよ。,起点＋手段。,,
728,鳥,が,川,を,,,渡る,「を」は通る場所だよ。,経路。,,
729,友達,が,学校,で,発表,を,する,「で」は場所、「を」は対象だよ。,場所＋対象。,,
730,先生,が,本,の,内容,を,説明する,「の」はつながり、「を」は対象だよ。,連体修飾＋対象。,,
731,ぼく,は,夜,に,音楽,を,聴く,「に」は時間、「を」は対象だよ。,時間＋対象。,,
732,わたし,は,公園,で,友達,と,遊ぶ,「で」は場所、「と」はいっしょだよ。,場所＋共同。,,
733,ねこ,が,棚,の,上,で,眠る,「の」はつながり、「で」は場所だよ。,連体修飾＋場所。,,
734,犬,が,庭,から,外,へ,出る,「から」ははじまり、「へ」は行き先だよ。,起点＋方向。,,
735,先生,が,学生,に,課題,を,出す,「に」はあいて、「を」は対象だよ。,受け手＋対象。,,
736,ぼく,は,朝,に,準備,を,する,「に」は時間、「を」は対象だよ。,時間＋対象。,,
737,わたし,は,友達,から,情報,を,得る,「から」はもと、「を」は対象だよ。,起点＋対象。,,
738,鳥,が,空,に,,,舞う,「に」は行き先だよ。,到達点。,,
739,友達,が,教室,で,意見,を,言う,「で」は場所、「を」は対象だよ。,場所＋対象。,,
740,先生,が,歴史,について,話,を,する,「について」はそのこと、「を」は対象だよ。,複合助詞＋対象。,,
741,ぼく,は,家,で,映画,を,見る,「で」は場所、「を」は対象だよ。,場所＋対象。,,
742,わたし,は,駅,へ,,,向かう,「へ」は行き先だよ。,方向。,,
743,ねこ,が,机,の,下,で,眠る,「の」はつながり、「で」は場所だよ。,連体修飾＋場所。,,
744,犬,が,庭,から,外,へ,走る,「から」ははじまり、「へ」は行き先だよ。,起点＋方向。,,
745,先生,が,学生,に,資料,を,渡す,「に」はあいて、「を」は対象だよ。,受け手＋対象。,,
746,ぼく,は,図書館,で,資料,を,調べる,「で」は場所、「を」は対象だよ。,場所＋対象。,,
747,わたし,は,朝,に,飲み物,を,飲む,「に」は時間、「を」は対象だよ。,時間＋対象。,,
748,鳥,が,空,を,,,飛ぶ,「を」は通る場所だよ。,経路。,,
749,友達,が,駅,で,人,を,待つ,「で」は場所、「を」は対象だよ。,場所＋対象。,,
750,先生,が,問題,を,,,説明する,「を」は対象だよ。,対格。,,
751,ぼく,は,計画,を,,,進める,「に沿って」はその通り、「を」は対象だよ。,基準＋対象。,,
752,わたし,は,朝,から,活動,を,始める,「から」ははじまり、「を」は対象だよ。,起点＋対象。,,
753,鳥,が,石,の,上,で,鳴く,「の」はつながり、「で」は場所だよ。,連体修飾＋場所。,,
754,犬,が,飼い主,に,愛情,を,示す,「に」はあいて、「を」は対象だよ。,受け手＋対象。,,
755,先生,が,学生,に,考え,を,求める,「に」はあいて、「を」は対象だよ。,受け手＋対象。,,
756,ぼく,は,友達,と,意見,を,交換する,「と」はあいて、「を」は対象だよ。,共同＋対象。,,
757,わたし,は,家,から,駅,まで,歩く,「から」ははじまり、「まで」はおわりだよ。,起点＋終点。,,
758,鳥,が,空,を,,,滑るように飛ぶ,「を」は通る場所だよ。,経路。,,
759,友達,が,教室,に,,,集まる,「に」は行き先だよ。,到達点。,,
760,先生,が,環境,について,説明,を,行う,「について」はそのこと、「を」は対象だよ。,複合助詞＋対象。,,
761,ぼく,は,夜,まで,読書,を,続ける,「まで」はおわり、「を」は対象だよ。,終点＋対象。,,
762,わたし,は,公園,で,写真,を,撮影する,「で」は場所、「を」は対象だよ。,場所＋対象。,,
763,ねこ,が,机,の,下,で,静かに休む,「の」はつながり、「で」は場所だよ。,連体修飾＋場所。,,
764,犬,が,道,を,,,元気に走る,「を」は通る場所だよ。,経路。,,
765,先生,が,学生,と,議題,を,検討する,「と」はいっしょ、「を」は対象だよ。,共同＋対象。,,
766,ぼく,は,朝,から,運動,を,続ける,「から」ははじまり、「を」は対象だよ。,起点＋対象。,,
767,わたし,は,友達,に,連絡,を,送る,「に」はあいて、「を」は対象だよ。,受け手＋対象。,,
768,鳥,が,山,に,,,戻る,「に」は行き先だよ。,到達点。,,
769,友達,が,家,で,レポート,を,書く,「で」は場所、「を」は対象だよ。,場所＋対象。,,
770,先生,が,問題,を,,,詳しく解説する,「を」は対象だよ。,対格。,,
771,ぼく,は,図書館,で,資料,を,読む,「で」は場所、「を」は対象だよ。,場所＋対象。,,
772,わたし,は,昼,に,昼食,を,とる,「に」は時間、「を」は対象だよ。,時間＋対象。,,
773,ねこ,が,窓,の,外,を,見つめる,「の」はつながり、「を」は対象だよ。,連体修飾＋対象。,,
774,犬,が,家,に,,,帰る,「に」は行き先だよ。,到達点。,,
775,先生,が,学生,に,知識,を,伝える,「に」はあいて、「を」は対象だよ。,受け手＋対象。,,
776,ぼく,は,友達,と,会話,を,続ける,「と」はあいて、「を」は対象だよ。,共同＋対象。,,
777,わたし,は,駅,から,電車,で,移動する,「から」ははじまり、「で」は手段だよ。,起点＋手段。,,
778,鳥,が,川,を,,,越える,「を」は通る場所だよ。,経路。,,
779,友達,が,学校,で,発表,を,行う,「で」は場所、「を」は対象だよ。,場所＋対象。,,
780,先生,が,本,の,要点,を,説明する,「の」はつながり、「を」は対象だよ。,連体修飾＋対象。,,
781,ぼく,は,夜,に,音楽,を,楽しむ,「に」は時間、「を」は対象だよ。,時間＋対象。,,
782,わたし,は,公園,で,友達,と,話す,「で」は場所、「と」はいっしょだよ。,場所＋共同。,,
783,ねこ,が,棚,の,上,で,眠る,「の」はつながり、「で」は場所だよ。,連体修飾＋場所。,,
784,犬,が,庭,から,外,へ,出る,「から」ははじまり、「へ」は行き先だよ。,起点＋方向。,,
785,先生,が,学生,に,課題,を,提示する,「に」はあいて、「を」は対象だよ。,受け手＋対象。,,
786,ぼく,は,朝,に,準備,を,整える,「に」は時間、「を」は対象だよ。,時間＋対象。,,
787,わたし,は,友達,から,助言,を,受ける,「から」はもと、「を」は対象だよ。,起点＋対象。,,
788,鳥,が,空,に,,,舞い上がる,「に」は行き先だよ。,到達点。,,
789,友達,が,教室,で,意見,を,述べる,「で」は場所、「を」は対象だよ。,場所＋対象。,,
790,先生,が,歴史,について,解説,を,行う,「について」はそのこと、「を」は対象だよ。,複合助詞＋対象。,,
791,ぼく,は,家,で,映画,を,鑑賞する,「で」は場所、「を」は対象だよ。,場所＋対象。,,
792,わたし,は,駅,へ,,,急ぐ,「へ」は行き先だよ。,方向。,,
793,ねこ,が,机,の,下,で,眠る,「の」はつながり、「で」は場所だよ。,連体修飾＋場所。,,
794,犬,が,庭,から,外,へ,飛び出す,「から」ははじまり、「へ」は行き先だよ。,起点＋方向。,,
795,先生,が,学生,に,資料,を,配布する,「に」はあいて、「を」は対象だよ。,受け手＋対象。,,
796,ぼく,は,図書館,で,文献,を,調べる,「で」は場所、「を」は対象だよ。,場所＋対象。,,
797,わたし,は,朝,に,飲み物,を,用意する,「に」は時間、「を」は対象だよ。,時間＋対象。,,
798,鳥,が,空,を,,,旋回する,「を」は通る場所だよ。,経路。,,
799,友達,が,駅,で,人,を,待つ,「で」は場所、「を」は対象だよ。,場所＋対象。,,
800,先生,が,問題,を,,,分析する,「を」は対象だよ。,対格。,,
801,ぼく,は,課題,に,時間,を,使う,「に」は目的、「を」は対象だよ。,目的＋対象。,,
802,わたし,は,朝,に,計画,を,見直す,「に」は時間、「を」は対象だよ。,時間＋対象。,,
803,ねこ,が,窓,の,外,で,動く,「の」はつながり、「で」は場所だよ。,連体修飾＋場所。,,
804,犬,が,飼い主,に,信頼,を,示す,「に」はあいて、「を」は対象だよ。,受け手＋対象。,,
805,先生,が,学生,に,評価,を,伝える,「に」はあいて、「を」は対象だよ。,受け手＋対象。,,
806,ぼく,は,友達,と,課題,を,分担する,「と」はあいて、「を」は対象だよ。,共同＋対象。,,
807,わたし,は,家,から,職場,まで,通う,「から」ははじまり、「まで」はおわりだよ。,起点＋終点。,,
808,鳥,が,空,を,,,滑空する,「を」は通る場所だよ。,経路。,,
809,友達,が,教室,に,,,戻る,「に」は行き先だよ。,到達点。,,
810,先生,が,社会,について,考察,を,行う,「について」はそのこと、「を」は対象だよ。,複合助詞＋対象。,,
811,ぼく,は,夜,まで,作業,を,続ける,「まで」はおわり、「を」は対象だよ。,終点＋対象。,,
812,わたし,は,公園,で,景色,を,楽しむ,「で」は場所、「を」は対象だよ。,場所＋対象。,,
813,ねこ,が,机,の,下,で,丸くなる,「の」はつながり、「で」は場所だよ。,連体修飾＋場所。,,
814,犬,が,道,を,,,ゆっくり歩く,「を」は通る場所だよ。,経路。,,
815,先生,が,学生,と,内容,を,確認する,「と」はいっしょ、「を」は対象だよ。,共同＋対象。,,
816,ぼく,は,朝,から,勉強,を,進める,「から」ははじまり、「を」は対象だよ。,起点＋対象。,,
817,わたし,は,友達,に,質問,を,送る,「に」はあいて、「を」は対象だよ。,受け手＋対象。,,
818,鳥,が,山,に,,,飛ぶ,「に」は行き先だよ。,到達点。,,
819,友達,が,家,で,準備,を,進める,「で」は場所、「を」は対象だよ。,場所＋対象。,,
820,先生,が,問題,を,,,解説する,「を」は対象だよ。,対格。,,
821,ぼく,は,図書館,で,研究,を,進める,「で」は場所、「を」は対象だよ。,場所＋対象。,,
822,わたし,は,昼,に,食事,を,とる,「に」は時間、「を」は対象だよ。,時間＋対象。,,
823,ねこ,が,窓,の,外,を,見渡す,「の」はつながり、「を」は対象だよ。,連体修飾＋対象。,,
824,犬,が,家,に,,,戻る,「に」は行き先だよ。,到達点。,,
825,先生,が,学生,に,方法,を,説明する,「に」はあいて、「を」は対象だよ。,受け手＋対象。,,
826,ぼく,は,友達,と,意見,を,共有する,「と」はあいて、「を」は対象だよ。,共同＋対象。,,
827,わたし,は,駅,から,徒歩,で,移動する,「から」ははじまり、「で」は手段だよ。,起点＋手段。,,
828,鳥,が,川,を,,,越えていく,「を」は通る場所だよ。,経路。,,
829,友達,が,学校,で,活動,を,行う,「で」は場所、「を」は対象だよ。,場所＋対象。,,
830,先生,が,本,の,内容,を,整理する,「の」はつながり、「を」は対象だよ。,連体修飾＋対象。,,
831,ぼく,は,夜,に,読書,を,楽しむ,「に」は時間、「を」は対象だよ。,時間＋対象。,,
832,わたし,は,公園,で,友達,と,会話する,「で」は場所、「と」はいっしょだよ。,場所＋共同。,,
833,ねこ,が,棚,の,上,で,眠る,「の」はつながり、「で」は場所だよ。,連体修飾＋場所。,,
834,犬,が,庭,から,外,へ,出る,「から」ははじまり、「へ」は行き先だよ。,起点＋方向。,,
835,先生,が,学生,に,課題,を,与える,「に」はあいて、「を」は対象だよ。,受け手＋対象。,,
836,ぼく,は,朝,に,準備,を,進める,「に」は時間、「を」は対象だよ。,時間＋対象。,,
837,わたし,は,友達,から,情報,を,集める,「から」はもと、「を」は対象だよ。,起点＋対象。,,
838,鳥,が,空,に,,,飛び立つ,「に」は行き先だよ。,到達点。,,
839,友達,が,教室,で,発言,を,する,「で」は場所、「を」は対象だよ。,場所＋対象。,,
840,先生,が,歴史,について,説明,を,する,「について」はそのこと、「を」は対象だよ。,複合助詞＋対象。,,
841,ぼく,は,家,で,映画,を,見る,「で」は場所、「を」は対象だよ。,場所＋対象。,,
842,わたし,は,駅,へ,,,向かう,「へ」は行き先だよ。,方向。,,
843,ねこ,が,机,の,下,で,眠る,「の」はつながり、「で」は場所だよ。,連体修飾＋場所。,,
844,犬,が,庭,から,外,へ,走る,「から」ははじまり、「へ」は行き先だよ。,起点＋方向。,,
845,先生,が,学生,に,資料,を,渡す,「に」はあいて、「を」は対象だよ。,受け手＋対象。,,
846,ぼく,は,図書館,で,資料,を,読む,「で」は場所、「を」は対象だよ。,場所＋対象。,,
847,わたし,は,朝,に,飲み物,を,飲む,「に」は時間、「を」は対象だよ。,時間＋対象。,,
848,鳥,が,空,を,,,飛び回る,「を」は通る場所だよ。,経路。,,
849,友達,が,駅,で,人,を,待つ,「で」は場所、「を」は対象だよ。,場所＋対象。,,
850,先生,が,問題,を,,,説明する,「を」は対象だよ。,対格。,,
851,ぼく,は,結果,に,判断,を,下す,「に基づいて」はもとにして、「を」は対象だよ。,根拠＋対象。,,
852,わたし,は,朝,から,活動,を,続ける,「から」ははじまり、「を」は対象だよ。,起点＋対象。,,
853,ねこ,が,庭,の,すみ,で,静かに休む,「の」はつながり、「で」は場所だよ。,連体修飾＋場所。,,
854,犬,が,飼い主,に,信頼,を,寄せる,「に」はあいて、「を」は対象だよ。,受け手＋対象。,,
855,先生,が,学生,に,評価,を,伝える,「に」はあいて、「を」は対象だよ。,受け手＋対象。,,
856,ぼく,は,友達,と,考え,を,共有する,「と」はあいて、「を」は対象だよ。,共同＋対象。,,
857,わたし,は,家,から,駅,まで,急ぐ,「から」ははじまり、「まで」はおわりだよ。,起点＋終点。,,
858,鳥,が,空,を,,,大きく旋回する,「を」は通る場所だよ。,経路。,,
859,友達,が,教室,に,,,戻る,「に」は行き先だよ。,到達点。,,
860,先生,が,社会問題,について,考察,を,行う,「について」はそのこと、「を」は対象だよ。,複合助詞＋対象。,,
861,ぼく,は,夜,まで,撮影,を,続ける,「まで」はおわり、「を」は対象だよ。,終点＋対象。,,
862,わたし,は,公園,で,景色,を,楽しむ,「で」は場所、「を」は対象だよ。,場所＋対象。,,
863,ねこ,が,机,の,下,で,丸くなる,「の」はつながり、「で」は場所だよ。,連体修飾＋場所。,,
864,犬,が,道,を,,,ゆっくり歩く,「を」は通る場所だよ。,経路。,,
865,先生,が,学生,と,内容,を,確認する,「と」はいっしょ、「を」は対象だよ。,共同＋対象。,,
866,ぼく,は,朝,から,勉強,を,進める,「から」ははじまり、「を」は対象だよ。,起点＋対象。,,
867,わたし,は,友達,に,質問,を,送る,「に」はあいて、「を」は対象だよ。,受け手＋対象。,,
868,鳥,が,山,に,,,飛ぶ,「に」は行き先だよ。,到達点。,,
869,友達,が,家,で,準備,を,進める,「で」は場所、「を」は対象だよ。,場所＋対象。,,
870,先生,が,問題,を,,,詳しく説明する,「を」は対象だよ。,対格。,,
871,ぼく,は,図書館,で,研究,を,進める,「で」は場所、「を」は対象だよ。,場所＋対象。,,
872,わたし,は,昼,に,食事,を,とる,「に」は時間、「を」は対象だよ。,時間＋対象。,,
873,ねこ,が,窓,の,外,を,見渡す,「の」はつながり、「を」は対象だよ。,連体修飾＋対象。,,
874,犬,が,家,に,,,戻る,「に」は行き先だよ。,到達点。,,
875,先生,が,学生,に,方法,を,説明する,「に」はあいて、「を」は対象だよ。,受け手＋対象。,,
876,ぼく,は,友達,と,意見,を,交換する,「と」はあいて、「を」は対象だよ。,共同＋対象。,,
877,わたし,は,駅,から,徒歩,で,帰る,「から」ははじまり、「で」は手段だよ。,起点＋手段。,,
878,鳥,が,川,を,,,越える,「を」は通る場所だよ。,経路。,,
879,友達,が,学校,で,活動,を,行う,「で」は場所、「を」は対象だよ。,場所＋対象。,,
880,先生,が,本,の,内容,を,整理する,「の」はつながり、「を」は対象だよ。,連体修飾＋対象。,,
881,ぼく,は,夜,に,読書,を,楽しむ,「に」は時間、「を」は対象だよ。,時間＋対象。,,
882,わたし,は,公園,で,友達,と,会話する,「で」は場所、「と」はいっしょだよ。,場所＋共同。,,
883,ねこ,が,棚,の,上,で,眠る,「の」はつながり、「で」は場所だよ。,連体修飾＋場所。,,
884,犬,が,庭,から,外,へ,出る,「から」ははじまり、「へ」は行き先だよ。,起点＋方向。,,
885,先生,が,学生,に,課題,を,与える,「に」はあいて、「を」は対象だよ。,受け手＋対象。,,
886,ぼく,は,朝,に,準備,を,進める,「に」は時間、「を」は対象だよ。,時間＋対象。,,
887,わたし,は,友達,から,情報,を,集める,「から」はもと、「を」は対象だよ。,起点＋対象。,,
888,鳥,が,空,に,,,飛び立つ,「に」は行き先だよ。,到達点。,,
889,友達,が,教室,で,発言,を,する,「で」は場所、「を」は対象だよ。,場所＋対象。,,
890,先生,が,歴史,について,説明,を,する,「について」はそのこと、「を」は対象だよ。,複合助詞＋対象。,,
891,ぼく,は,家,で,映画,を,鑑賞する,「で」は場所、「を」は対象だよ。,場所＋対象。,,
892,わたし,は,駅,へ,,,向かう,「へ」は行き先だよ。,方向。,,
893,ねこ,が,机,の,下,で,眠る,「の」はつながり、「で」は場所だよ。,連体修飾＋場所。,,
894,犬,が,庭,から,外,へ,走る,「から」ははじまり、「へ」は行き先だよ。,起点＋方向。,,
895,先生,が,学生,に,資料,を,配る,「に」はあいて、「を」は対象だよ。,受け手＋対象。,,
896,ぼく,は,図書館,で,文献,を,調べる,「で」は場所、「を」は対象だよ。,場所＋対象。,,
897,わたし,は,朝,に,飲み物,を,用意する,「に」は時間、「を」は対象だよ。,時間＋対象。,,
898,鳥,が,空,を,,,飛び回る,「を」は通る場所だよ。,経路。,,
899,友達,が,駅,で,人,を,待つ,「で」は場所、「を」は対象だよ。,場所＋対象。,,
900,先生,が,問題,を,,,分析する,「を」は対象だよ。,対格。,,
901,ぼく,は,行動,を,,,起こす,「を」は対象だよ。,対象。,,
902,わたし,は,朝,から,準備,を,進める,「から」ははじまり、「を」は対象だよ。,起点＋対象。,,
903,ねこ,が,庭,の,すみ,で,休む,「の」はつながり、「で」は場所だよ。,連体修飾＋場所。,,
904,犬,が,飼い主,に,安心,を,与える,「に」はあいて、「を」は対象だよ。,受け手＋対象。,,
905,先生,が,学生,に,助言,を,する,「に」はあいて、「を」は対象だよ。,受け手＋対象。,,
906,ぼく,は,友達,と,問題,を,解決する,「と」はあいて、「を」は対象だよ。,共同＋対象。,,
907,わたし,は,家,から,学校,まで,通う,「から」ははじまり、「まで」はおわりだよ。,起点＋終点。,,
908,鳥,が,空,を,,,飛び続ける,「を」は通る場所だよ。,経路。,,
909,友達,が,教室,に,,,入る,「に」は行き先だよ。,到達点。,,
910,先生,が,社会,について,説明,を,する,「について」はそのこと、「を」は対象だよ。,複合助詞＋対象。,,
911,わたし,は,夜,まで,作業,を,続ける,「まで」はおわり、「を」は対象だよ。,終点＋対象。,,
912,わたし,は,公園,で,自然,を,感じる,「で」は場所、「を」は対象だよ。,場所＋対象。,,
913,ねこ,が,机,の,下,で,休む,「の」はつながり、「で」は場所だよ。,連体修飾＋場所。,,
914,犬,が,道,を,,,歩く,「を」は通る場所だよ。,経路。,,
915,先生,が,学生,と,議題,を,話し合う,「と」はいっしょ、「を」は対象だよ。,共同＋対象。,,
916,ぼく,は,朝,から,活動,を,始める,「から」ははじまり、「を」は対象だよ。,起点＋対象。,,
917,わたし,は,友達,に,相談,を,する,「に」はあいて、「を」は対象だよ。,受け手＋対象。,,
918,鳥,が,山,に,,,向かう,「に」は行き先だよ。,到達点。,,
919,友達,が,家,で,準備,を,する,「で」は場所、「を」は対象だよ。,場所＋対象。,,
920,先生,が,問題,を,,,解説する,「を」は対象だよ。,対格。,,
921,ぼく,は,図書館,で,課題,を,進める,「で」は場所、「を」は対象だよ。,場所＋対象。,,
922,わたし,は,昼,に,食事,を,とる,「に」は時間、「を」は対象だよ。,時間＋対象。,,
923,ねこ,が,窓,の,外,を,見る,「の」はつながり、「を」は対象だよ。,連体修飾＋対象。,,
924,犬,が,家,に,,,戻る,「に」は行き先だよ。,到達点。,,
925,先生,が,学生,に,知識,を,伝える,「に」はあいて、「を」は対象だよ。,受け手＋対象。,,
926,ぼく,は,友達,と,会話,を,する,「と」はあいて、「を」は対象だよ。,共同＋対象。,,
927,わたし,は,駅,から,徒歩,で,移動する,「から」ははじまり、「で」は手段だよ。,起点＋手段。,,
928,鳥,が,川,を,,,渡る,「を」は通る場所だよ。,経路。,,
929,友達,が,学校,で,活動,を,行う,「で」は場所、「を」は対象だよ。,場所＋対象。,,
930,先生,が,本,の,内容,を,説明する,「の」はつながり、「を」は対象だよ。,連体修飾＋対象。,,
931,ぼく,は,夜,に,音楽,を,聴く,「に」は時間、「を」は対象だよ。,時間＋対象。,,
932,わたし,は,公園,で,友達,と,話す,「で」は場所、「と」はいっしょだよ。,場所＋共同。,,
933,ねこ,が,棚,の,上,で,眠る,「の」はつながり、「で」は場所だよ。,連体修飾＋場所。,,
934,犬,が,庭,から,外,へ,出る,「から」ははじまり、「へ」は行き先だよ。,起点＋方向。,,
935,先生,が,学生,に,課題,を,出す,「に」はあいて、「を」は対象だよ。,受け手＋対象。,,
936,ぼく,は,朝,に,準備,を,する,「に」は時間、「を」は対象だよ。,時間＋対象。,,
937,わたし,は,友達,から,情報,を,得る,「から」はもと、「を」は対象だよ。,起点＋対象。,,
938,鳥,が,空,に,,,舞う,「に」は行き先だよ。,到達点。,,
939,友達,が,教室,で,発言,を,する,「で」は場所、「を」は対象だよ。,場所＋対象。,,
940,先生,が,歴史,について,話,を,する,「について」はそのこと、「を」は対象だよ。,複合助詞＋対象。,,
941,ぼく,は,家,で,映画,を,見る,「で」は場所、「を」は対象だよ。,場所＋対象。,,
942,わたし,は,駅,へ,,,向かう,「へ」は行き先だよ。,方向。,,
943,ねこ,が,机,の,下,で,眠る,「の」はつながり、「で」は場所だよ。,連体修飾＋場所。,,
944,犬,が,庭,から,外,へ,走る,「から」ははじまり、「へ」は行き先だよ。,起点＋方向。,,
945,先生,が,学生,に,資料,を,渡す,「に」はあいて、「を」は対象だよ。,受け手＋対象。,,
946,ぼく,は,図書館,で,資料,を,読む,「で」は場所、「を」は対象だよ。,場所＋対象。,,
947,わたし,は,朝,に,飲み物,を,飲む,「に」は時間、「を」は対象だよ。,時間＋対象。,,
948,鳥,が,空,を,,,飛ぶ,「を」は通る場所だよ。,経路。,,
949,友達,が,駅,で,人,を,待つ,「で」は場所、「を」は対象だよ。,場所＋対象。,,
950,先生,が,問題,を,,,説明する,「を」は対象だよ。,対格。,,
951,ぼく,は,結果,で,評価,を,変える,「で」は理由やちがい、「を」は対象だよ。,原因・手段＋対象。,,
952,わたし,は,朝,から,準備,を,進める,「から」ははじまり、「を」は対象だよ。,起点＋対象。,,
953,ねこ,が,庭,の,すみ,で,静かに眠る,「の」はつながり、「で」は場所だよ。,連体修飾＋場所。,,
954,犬,が,飼い主,に,安心,を,与える,「に」はあいて、「を」は対象だよ。,受け手＋対象。,,
955,先生,が,学生,に,助言,を,与える,「に」はあいて、「を」は対象だよ。,受け手＋対象。,,
956,ぼく,は,友達,と,問題,を,解決する,「と」はあいて、「を」は対象だよ。,共同＋対象。,,
957,わたし,は,家,から,学校,まで,通う,「から」ははじまり、「まで」はおわりだよ。,起点＋終点。,,
958,鳥,が,空,を,,,力強く飛ぶ,「を」は通る場所だよ。,経路。,,
959,友達,が,教室,に,,,入る,「に」は行き先だよ。,到達点。,,
960,先生,が,社会,について,説明,を,する,「について」はそのこと、「を」は対象だよ。,複合助詞＋対象。,,
961,ぼく,は,夜,まで,作業,を,続ける,「まで」はおわり、「を」は対象だよ。,終点＋対象。,,
962,わたし,は,公園,で,自然,を,感じる,「で」は場所、「を」は対象だよ。,場所＋対象。,,
963,ねこ,が,机,の,下,で,丸くなる,「の」はつながり、「で」は場所だよ。,連体修飾＋場所。,,
964,犬,が,道,を,,,歩く,「を」は通る場所だよ。,経路。,,
965,先生,が,学生,と,課題,を,話し合う,「と」はいっしょ、「を」は対象だよ。,共同＋対象。,,
966,ぼく,は,朝,から,活動,を,始める,「から」ははじまり、「を」は対象だよ。,起点＋対象。,,
967,わたし,は,友達,に,相談,を,する,「に」はあいて、「を」は対象だよ。,受け手＋対象。,,
968,鳥,が,山,に,,,向かう,「に」は行き先だよ。,到達点。,,
969,友達,が,家,で,準備,を,する,「で」は場所、「を」は対象だよ。,場所＋対象。,,
970,先生,が,問題,を,,,解説する,「を」は対象だよ。,対格。,,
971,ぼく,は,図書館,で,課題,を,進める,「で」は場所、「を」は対象だよ。,場所＋対象。,,
972,わたし,は,昼,に,食事,を,とる,「に」は時間、「を」は対象だよ。,時間＋対象。,,
973,ねこ,が,窓,の,外,を,見つめる,「の」はつながり、「を」は対象だよ。,連体修飾＋対象。,,
974,犬,が,家,に,,,戻る,「に」は行き先だよ。,到達点。,,
975,先生,が,学生,に,知識,を,伝える,「に」はあいて、「を」は対象だよ。,受け手＋対象。,,
976,ぼく,は,友達,と,意見,を,共有する,「と」はあいて、「を」は対象だよ。,共同＋対象。,,
977,わたし,は,駅,から,徒歩,で,移動する,「から」ははじまり、「で」は手段だよ。,起点＋手段。,,
978,鳥,が,川,を,,,渡る,「を」は通る場所だよ。,経路。,,
979,友達,が,学校,で,活動,を,行う,「で」は場所、「を」は対象だよ。,場所＋対象。,,
980,先生,が,本,の,内容,を,説明する,「の」はつながり、「を」は対象だよ。,連体修飾＋対象。,,
981,ぼく,は,夜,に,読書,を,楽しむ,「に」は時間、「を」は対象だよ。,時間＋対象。,,
982,わたし,は,公園,で,友達,と,会話する,「で」は場所、「と」はいっしょだよ。,場所＋共同。,,
983,ねこ,が,棚,の,上,で,眠る,「の」はつながり、「で」は場所だよ。,連体修飾＋場所。,,
984,犬,が,庭,から,外,へ,出る,「から」ははじまり、「へ」は行き先だよ。,起点＋方向。,,
985,先生,が,学生,に,課題,を,与える,「に」はあいて、「を」は対象だよ。,受け手＋対象。,,
986,ぼく,は,朝,に,準備,を,進める,「に」は時間、「を」は対象だよ。,時間＋対象。,,
987,わたし,は,友達,から,情報,を,得る,「から」はもと、「を」は対象だよ。,起点＋対象。,,
988,鳥,が,空,に,,,飛び立つ,「に」は行き先だよ。,到達点。,,
989,友達,が,教室,で,発言,を,する,「で」は場所、「を」は対象だよ。,場所＋対象。,,
990,先生,が,歴史,について,話,を,する,「について」はそのこと、「を」は対象だよ。,複合助詞＋対象。,,
991,ぼく,は,家,で,映画,を,見る,「で」は場所、「を」は対象だよ。,場所＋対象。,,
992,わたし,は,駅,へ,,,向かう,「へ」は行き先だよ。,方向。,,
993,ねこ,が,机,の,下,で,眠る,「の」はつながり、「で」は場所だよ。,連体修飾＋場所。,,
994,犬,が,庭,から,外,へ,走る,「から」ははじまり、「へ」は行き先だよ。,起点＋方向。,,
995,先生,が,学生,に,資料,を,渡す,「に」はあいて、「を」は対象だよ。,受け手＋対象。,,
996,ぼく,は,図書館,で,資料,を,読む,「で」は場所、「を」は対象だよ。,場所＋対象。,,
997,わたし,は,朝,に,飲み物,を,飲む,「に」は時間、「を」は対象だよ。,時間＋対象。,,
998,鳥,が,空,を,,,飛ぶ,「を」は通る場所だよ。,経路。,,
999,友達,が,駅,で,人,を,待つ,「で」は場所、「を」は対象だよ。,場所＋対象。,,
1000,先生,が,問題,を,,,説明する,「を」は対象だよ。,対格。,,
1001,ぼく,は,理由,から,行動,を,変える,「から」は理由、「を」はすることだよ。,原因＋対象。,,
1002,わたし,は,朝,に,計画,を,立てる,「に」は時間、「を」は対象だよ。,時間＋対象。,,
1003,ねこ,が,木,の,下,で,遊ぶ,「の」はつながり、「で」は場所だよ。,連体修飾＋場所。,,
1004,犬,が,飼い主,に,元気,を,伝える,「に」はあいて、「を」は対象だよ。,受け手＋対象。,,
1005,先生,が,学生,に,説明,を,する,「に」はあいて、「を」は対象だよ。,受け手＋対象。,,
1006,ぼく,は,友達,と,計画,を,考える,「と」はいっしょ、「を」は対象だよ。,共同＋対象。,,
1007,わたし,は,家,から,学校,まで,歩く,「から」ははじまり、「まで」はおわりだよ。,起点＋終点。,,
1008,鳥,が,空,を,,,ゆっくり飛ぶ,「を」は通る場所だよ。,経路。,,
1009,友達,が,教室,に,,,集まる,「に」は行き先だよ。,到達点。,,
1010,先生,が,環境,について,話,を,する,「について」はそのこと、「を」は対象だよ。,複合助詞＋対象。,,
1011,ぼく,は,夜,まで,宿題,を,する,「まで」はおわり、「を」は対象だよ。,終点＋対象。,,
1012,わたし,は,公園,で,遊び,を,楽しむ,「で」は場所、「を」は対象だよ。,場所＋対象。,,
1013,ねこ,が,机,の,上,で,眠る,「の」はつながり、「で」は場所だよ。,連体修飾＋場所。,,
1014,犬,が,道,を,,,走る,「を」は通る場所だよ。,経路。,,
1015,先生,が,学生,と,意見,を,話す,「と」はいっしょ、「を」は対象だよ。,共同＋対象。,,
1016,ぼく,は,朝,から,練習,を,始める,「から」ははじまり、「を」は対象だよ。,起点＋対象。,,
1017,わたし,は,友達,に,手紙,を,書く,「に」はあいて、「を」は対象だよ。,受け手＋対象。,,
1018,鳥,が,山,に,,,向かう,「に」は行き先だよ。,到達点。,,
1019,友達,が,家,で,ゲーム,を,する,「で」は場所、「を」は対象だよ。,場所＋対象。,,
1020,先生,が,問題,を,,,説明する,「を」は対象だよ。,対格。,,
1021,ぼく,は,図書館,で,本,を,読む,「で」は場所、「を」は対象だよ。,場所＋対象。,,
1022,わたし,は,昼,に,ご飯,を,食べる,「に」は時間、「を」は対象だよ。,時間＋対象。,,
1023,ねこ,が,窓,の,外,を,見る,「の」はつながり、「を」は対象だよ。,連体修飾＋対象。,,
1024,犬,が,家,に,,,帰る,「に」は行き先だよ。,到達点。,,
1025,先生,が,学生,に,問題,を,出す,「に」はあいて、「を」は対象だよ。,受け手＋対象。,,
1026,ぼく,は,友達,と,話,を,する,「と」はあいて、「を」は対象だよ。,共同＋対象。,,
1027,わたし,は,駅,から,電車,で,行く,「から」ははじまり、「で」は手段だよ。,起点＋手段。,,
1028,鳥,が,川,を,,,渡る,「を」は通る場所だよ。,経路。,,
1029,友達,が,学校,で,勉強,を,する,「で」は場所、「を」は対象だよ。,場所＋対象。,,
1030,先生,が,本,の,内容,を,説明する,「の」はつながり、「を」は対象だよ。,連体修飾＋対象。,,
1031,ぼく,は,夜,に,テレビ,を,見る,「に」は時間、「を」は対象だよ。,時間＋対象。,,
1032,わたし,は,公園,で,友達,と,遊ぶ,「で」は場所、「と」はいっしょだよ。,場所＋共同。,,
1033,ねこ,が,棚,の,上,で,寝る,「の」はつながり、「で」は場所だよ。,連体修飾＋場所。,,
1034,犬,が,庭,から,外,へ,出る,「から」ははじまり、「へ」は行き先だよ。,起点＋方向。,,
1035,先生,が,学生,に,課題,を,出す,「に」はあいて、「を」は対象だよ。,受け手＋対象。,,
1036,ぼく,は,朝,に,準備,を,する,「に」は時間、「を」は対象だよ。,時間＋対象。,,
1037,わたし,は,友達,から,話,を,聞く,「から」はもと、「を」は対象だよ。,起点＋対象。,,
1038,鳥,が,空,に,,,飛ぶ,「に」は行き先だよ。,到達点。,,
1039,友達,が,教室,で,発言,を,する,「で」は場所、「を」は対象だよ。,場所＋対象。,,
1040,先生,が,歴史,について,説明,を,する,「について」はそのこと、「を」は対象だよ。,複合助詞＋対象。,,
1041,ぼく,は,家,で,映画,を,見る,「で」は場所、「を」は対象だよ。,場所＋対象。,,
1042,わたし,は,駅,へ,,,向かう,「へ」は行き先だよ。,方向。,,
1043,ねこ,が,机,の,下,で,寝る,「の」はつながり、「で」は場所だよ。,連体修飾＋場所。,,
1044,犬,が,庭,から,外,へ,走る,「から」ははじまり、「へ」は行き先だよ。,起点＋方向。,,
1045,先生,が,学生,に,資料,を,配る,「に」はあいて、「を」は対象だよ。,受け手＋対象。,,
1046,ぼく,は,図書館,で,資料,を,読む,「で」は場所、「を」は対象だよ。,場所＋対象。,,
1047,わたし,は,朝,に,ジュース,を,飲む,「に」は時間、「を」は対象だよ。,時間＋対象。,,
1048,鳥,が,空,を,,,飛び回る,「を」は通る場所だよ。,経路。,,
1049,友達,が,駅,で,人,を,待つ,「で」は場所、「を」は対象だよ。,場所＋対象。,,
1050,先生,が,問題,を,,,解く,「を」は対象だよ。,対格。,,
1051,ぼく,は,経験,から,考え,を,変える,「から」は理由やもと、「を」はすることだよ。,起点（原因）＋対象。,,
1052,わたし,は,朝,に,予定,を,確認する,「に」は時間、「を」は対象だよ。,時間＋対象。,,
1053,ねこ,が,庭,で,,,休む,「で」は場所だよ。,場所。,,
1054,犬,が,飼い主,に,気持ち,を,伝える,「に」はあいて、「を」は対象だよ。,受け手＋対象。,,
1055,先生,が,学生,に,説明,を,加える,「に」はあいて、「を」は対象だよ。,受け手＋対象。,,
1056,ぼく,は,友達,と,問題,を,話し合う,「と」はいっしょ、「を」は対象だよ。,共同＋対象。,,
1057,わたし,は,家,から,駅,まで,歩く,「から」ははじまり、「まで」はおわりだよ。,起点＋終点。,,
1058,鳥,が,空,を,,,ゆったり飛ぶ,「を」は通る場所だよ。,経路。,,
1059,友達,が,教室,に,,,入る,「に」は行き先だよ。,到達点。,,
1060,先生,が,自然,について,説明,を,する,「について」はそのこと、「を」は対象だよ。,複合助詞＋対象。,,
1061,ぼく,は,夜,まで,勉強,を,続ける,「まで」はおわり、「を」は対象だよ。,終点＋対象。,,
1062,わたし,は,公園,で,遊び,を,する,「で」は場所、「を」は対象だよ。,場所＋対象。,,
1063,ねこ,が,机,の,下,で,眠る,「の」はつながり、「で」は場所だよ。,連体修飾＋場所。,,
1064,犬,が,道,を,,,元気に走る,「を」は通る場所だよ。,経路。,,
1065,先生,が,学生,と,意見,を,交換する,「と」はいっしょ、「を」は対象だよ。,共同＋対象。,,
1066,ぼく,は,朝,から,練習,を,続ける,「から」ははじまり、「を」は対象だよ。,起点＋対象。,,
1067,わたし,は,友達,に,手紙,を,送る,「に」はあいて、「を」は対象だよ。,受け手＋対象。,,
1068,鳥,が,山,に,,,戻る,「に」は行き先だよ。,到達点。,,
1069,友達,が,家,で,宿題,を,する,「で」は場所、「を」は対象だよ。,場所＋対象。,,
1070,先生,が,問題,を,,,解説する,「を」は対象だよ。,対格。,,
1071,ぼく,は,図書館,で,本,を,読む,「で」は場所、「を」は対象だよ。,場所＋対象。,,
1072,わたし,は,昼,に,ご飯,を,食べる,「に」は時間、「を」は対象だよ。,時間＋対象。,,
1073,ねこ,が,窓,の,外,を,見つめる,「の」はつながり、「を」は対象だよ。,連体修飾＋対象。,,
1074,犬,が,家,に,,,帰る,「に」は行き先だよ。,到達点。,,
1075,先生,が,学生,に,課題,を,出す,「に」はあいて、「を」は対象だよ。,受け手＋対象。,,
1076,ぼく,は,友達,と,会話,を,楽しむ,「と」はあいて、「を」は対象だよ。,共同＋対象。,,
1077,わたし,は,駅,から,電車,で,移動する,「から」ははじまり、「で」は手段だよ。,起点＋手段。,,
1078,鳥,が,川,を,,,飛び越える,「を」は通る場所だよ。,経路。,,
1079,友達,が,学校,で,発表,を,する,「で」は場所、「を」は対象だよ。,場所＋対象。,,
1080,先生,が,本,の,内容,を,説明する,「の」はつながり、「を」は対象だよ。,連体修飾＋対象。,,
1081,ぼく,は,夜,に,音楽,を,聴く,「に」は時間、「を」は対象だよ。,時間＋対象。,,
1082,わたし,は,公園,で,友達,と,遊ぶ,「で」は場所、「と」はいっしょだよ。,場所＋共同。,,
1083,ねこ,が,棚,の,上,で,寝る,「の」はつながり、「で」は場所だよ。,連体修飾＋場所。,,
1084,犬,が,庭,から,外,へ,出る,「から」ははじまり、「へ」は行き先だよ。,起点＋方向。,,
1085,先生,が,学生,に,資料,を,渡す,「に」はあいて、「を」は対象だよ。,受け手＋対象。,,
1086,ぼく,は,朝,に,準備,を,整える,「に」は時間、「を」は対象だよ。,時間＋対象。,,
1087,わたし,は,友達,から,話,を,聞く,「から」はもと、「を」は対象だよ。,起点＋対象。,,
1088,鳥,が,空,に,,,舞い上がる,「に」は行き先だよ。,到達点。,,
1089,友達,が,教室,で,意見,を,言う,「で」は場所、「を」は対象だよ。,場所＋対象。,,
1090,先生,が,歴史,について,話,を,する,「について」はそのこと、「を」は対象だよ。,複合助詞＋対象。,,
1091,ぼく,は,家,で,映画,を,見る,「で」は場所、「を」は対象だよ。,場所＋対象。,,
1092,わたし,は,駅,へ,,,向かう,「へ」は行き先だよ。,方向。,,
1093,ねこ,が,机,の,下,で,眠る,「の」はつながり、「で」は場所だよ。,連体修飾＋場所。,,
1094,犬,が,庭,から,外,へ,走る,「から」ははじまり、「へ」は行き先だよ。,起点＋方向。,,
1095,先生,が,学生,に,助言,を,する,「に」はあいて、「を」は対象だよ。,受け手＋対象。,,
1096,ぼく,は,図書館,で,資料,を,調べる,「で」は場所、「を」は対象だよ。,場所＋対象。,,
1097,わたし,は,朝,に,飲み物,を,飲む,「に」は時間、「を」は対象だよ。,時間＋対象。,,
1098,鳥,が,空,を,,,飛ぶ,「を」は通る場所だよ。,経路。,,
1099,友達,が,駅,で,人,を,待つ,「で」は場所、「を」は対象だよ。,場所＋対象。,,
1100,先生,が,問題,を,,,説明する,「を」は対象だよ。,対格。,,
1101,ぼく,は,失敗,から,学び,を,得る,「から」はもとや理由、「を」は対象だよ。,原因・起点＋対象。,,
1102,わたし,は,朝,に,計画,を,見直す,「に」は時間、「を」は対象だよ。,時間＋対象。,,
1103,ねこ,が,庭,の,はしっこ,で,遊ぶ,「の」はつながり、「で」は場所だよ。,連体修飾＋場所。,,
1104,犬,が,飼い主,に,喜び,を,示す,「に」はあいて、「を」は対象だよ。,受け手＋対象。,,
1105,先生,が,学生,に,注意,を,伝える,「に」はあいて、「を」は対象だよ。,受け手＋対象。,,
1106,ぼく,は,友達,と,意見,を,まとめる,「と」はいっしょ、「を」は対象だよ。,共同＋対象。,,
1107,わたし,は,家,から,学校,まで,急ぐ,「から」ははじまり、「まで」はおわりだよ。,起点＋終点。,,
1108,鳥,が,空,を,,,ゆっくり進む,「を」は通る場所だよ。,経路。,,
1109,友達,が,教室,に,,,戻る,「に」は行き先だよ。,到達点。,,
1110,先生,が,環境問題,について,話,を,する,「について」はそのこと、「を」は対象だよ。,複合助詞＋対象。,,
1111,ぼく,は,夜,まで,読書,を,続ける,「まで」はおわり、「を」は対象だよ。,終点＋対象。,,
1112,わたし,は,公園,で,運動,を,する,「で」は場所、「を」は対象だよ。,場所＋対象。,,
1113,ねこ,が,机,の,上,で,丸くなる,「の」はつながり、「で」は場所だよ。,連体修飾＋場所。,,
1114,犬,が,道,を,,,速く走る,「を」は通る場所だよ。,経路。,,
1115,先生,が,学生,と,課題,を,確認する,「と」はいっしょ、「を」は対象だよ。,共同＋対象。,,
1116,ぼく,は,朝,から,作業,を,始める,「から」ははじまり、「を」は対象だよ。,起点＋対象。,,
1117,わたし,は,友達,に,質問,を,する,「に」はあいて、「を」は対象だよ。,受け手＋対象。,,
1118,鳥,が,山,に,,,近づく,「に」は行き先だよ。,到達点。,,
1119,友達,が,家,で,準備,を,進める,「で」は場所、「を」は対象だよ。,場所＋対象。,,
1120,先生,が,問題,を,,,解説する,「を」は対象だよ。,対格。,,
1121,ぼく,は,図書館,で,資料,を,探す,「で」は場所、「を」は対象だよ。,場所＋対象。,,
1122,わたし,は,昼,に,昼食,を,とる,「に」は時間、「を」は対象だよ。,時間＋対象。,,
1123,ねこ,が,窓,の,外,を,じっと見る,「の」はつながり、「を」は対象だよ。,連体修飾＋対象。,,
1124,犬,が,家,に,,,戻る,「に」は行き先だよ。,到達点。,,
1125,先生,が,学生,に,考え方,を,教える,「に」はあいて、「を」は対象だよ。,受け手＋対象。,,
1126,ぼく,は,友達,と,会話,を,続ける,「と」はあいて、「を」は対象だよ。,共同＋対象。,,
1127,わたし,は,駅,から,バス,で,移動する,「から」ははじまり、「で」は手段だよ。,起点＋手段。,,
1128,鳥,が,川,を,,,飛び越える,「を」は通る場所だよ。,経路。,,
1129,友達,が,学校,で,活動,を,行う,「で」は場所、「を」は対象だよ。,場所＋対象。,,
1130,先生,が,本,の,内容,を,まとめる,「の」はつながり、「を」は対象だよ。,連体修飾＋対象。,,
1131,ぼく,は,夜,に,音楽,を,聴く,「に」は時間、「を」は対象だよ。,時間＋対象。,,
1132,わたし,は,公園,で,友達,と,遊ぶ,「で」は場所、「と」はいっしょだよ。,場所＋共同。,,
1133,ねこ,が,棚,の,上,で,寝る,「の」はつながり、「で」は場所だよ。,連体修飾＋場所。,,
1134,犬,が,庭,から,外,へ,飛び出す,「から」ははじまり、「へ」は行き先だよ。,起点＋方向。,,
1135,先生,が,学生,に,課題,を,出す,「に」はあいて、「を」は対象だよ。,受け手＋対象。,,
1136,ぼく,は,朝,に,準備,を,整える,「に」は時間、「を」は対象だよ。,時間＋対象。,,
1137,わたし,は,友達,から,情報,を,集める,「から」はもと、「を」は対象だよ。,起点＋対象。,,
1138,鳥,が,空,に,,,舞い上がる,「に」は行き先だよ。,到達点。,,
1139,友達,が,教室,で,発表,を,する,「で」は場所、「を」は対象だよ。,場所＋対象。,,
1140,先生,が,歴史,について,解説,を,する,「について」はそのこと、「を」は対象だよ。,複合助詞＋対象。,,
1141,ぼく,は,家,で,映画,を,見る,「で」は場所、「を」は対象だよ。,場所＋対象。,,
1142,わたし,は,駅,へ,,,急ぐ,「へ」は行き先だよ。,方向。,,
1143,ねこ,が,机,の,下,で,眠る,「の」はつながり、「で」は場所だよ。,連体修飾＋場所。,,
1144,犬,が,庭,から,外,へ,走る,「から」ははじまり、「へ」は行き先だよ。,起点＋方向。,,
1145,先生,が,学生,に,資料,を,配る,「に」はあいて、「を」は対象だよ。,受け手＋対象。,,
1146,ぼく,は,図書館,で,資料,を,読む,「で」は場所、「を」は対象だよ。,場所＋対象。,,
1147,わたし,は,朝,に,牛乳,を,飲む,「に」は時間、「を」は対象だよ。,時間＋対象。,,
1148,鳥,が,空,を,,,飛び回る,「を」は通る場所だよ。,経路。,,
1149,友達,が,駅,で,人,を,待つ,「で」は場所、「を」は対象だよ。,場所＋対象。,,
1150,先生,が,問題,を,,,解く,「を」は対象だよ。,対格。,,
1151,ぼく,は,経験,をもとに,判断,を,する,「をもとに」は基準、「を」は対象だよ。,基準＋対象。,,
1152,わたし,は,朝,から,活動,を,続ける,「から」ははじまり、「を」は対象だよ。,起点＋対象。,,
1153,ねこ,が,庭,の,草,で,遊ぶ,「の」はつながり、「で」は場所だよ。,連体修飾＋場所。,,
1154,犬,が,飼い主,に,気持ち,を,伝える,「に」はあいて、「を」は対象だよ。,受け手＋対象。,,
1155,先生,が,学生,に,指示,を,出す,「に」はあいて、「を」は対象だよ。,受け手＋対象。,,
1156,ぼく,は,友達,と,考え,を,まとめる,「と」はいっしょ、「を」は対象だよ。,共同＋対象。,,
1157,わたし,は,家,から,駅,まで,歩く,「から」ははじまり、「まで」はおわりだよ。,起点＋終点。,,
1158,鳥,が,空,を,,,大きく飛ぶ,「を」は通る場所だよ。,経路。,,
1159,友達,が,教室,に,,,集まる,「に」は行き先だよ。,到達点。,,
1160,先生,が,自然,について,話,を,する,「について」はそのこと、「を」は対象だよ。,複合助詞＋対象。,,
1161,ぼく,は,理由,,判断,を,変える,「で」は理由、「を」は対象だよ。,原因＋対象。,,
1162,わたし,は,朝,に,日記,を,書く,「に」は時間、「を」は対象だよ。,時間＋対象。,,
1163,虫,が,石,の,上,で,休む,「の」はつながり、「で」は場所だよ。,連体修飾＋場所。,,
1164,犬,が,飼い主,に,声,を,かける,「に」はあいて、「を」は対象だよ。,受け手＋対象。,,
1165,先生,が,学生,に,説明,を,加える,「に」はあいて、「を」は対象だよ。,受け手＋対象。,,
1166,ぼく,は,友達,と,問題,を,解決する,「と」はいっしょ、「を」は対象だよ。,共同＋対象。,,
1167,わたし,は,家,から,学校,まで,通う,「から」ははじまり、「まで」はおわりだよ。,起点＋終点。,,
1168,鳥,が,空,を,,,勢いよく飛ぶ,「を」は通る場所だよ。,経路。,,
1169,友達,が,教室,に,,,入る,「に」は行き先だよ。,到達点。,,
1170,先生,が,社会,について,説明,を,する,「について」はそのこと、「を」は対象だよ。,複合助詞＋対象。,,
1171,ぼく,は,夜,まで,作業,を,続ける,「まで」はおわり、「を」は対象だよ。,終点＋対象。,,
1172,わたし,は,公園,で,景色,を,楽しむ,「で」は場所、「を」は対象だよ。,場所＋対象。,,
1173,ねこ,が,机,の,下,で,眠る,「の」はつながり、「で」は場所だよ。,連体修飾＋場所。,,
1174,犬,が,道,を,,,ゆっくり歩く,「を」は通る場所だよ。,経路。,,
1175,先生,が,学生,と,議題,を,話し合う,「と」はいっしょ、「を」は対象だよ。,共同＋対象。,,
1176,ぼく,は,朝,から,活動,を,始める,「から」ははじまり、「を」は対象だよ。,起点＋対象。,,
1177,わたし,は,友達,に,相談,を,する,「に」はあいて、「を」は対象だよ。,受け手＋対象。,,
1178,鳥,が,山,に,,,向かう,「に」は行き先だよ。,到達点。,,
1179,友達,が,家,で,準備,を,する,「で」は場所、「を」は対象だよ。,場所＋対象。,,
1180,先生,が,問題,を,,,解説する,「を」は対象だよ。,対格。,,
1181,ぼく,は,図書館,で,課題,を,進める,「で」は場所、「を」は対象だよ。,場所＋対象。,,
1182,わたし,は,昼,に,食事,を,とる,「に」は時間、「を」は対象だよ。,時間＋対象。,,
1183,ねこ,が,窓,の,外,を,見る,「の」はつながり、「を」は対象だよ。,連体修飾＋対象。,,
1184,犬,が,家,に,,,戻る,「に」は行き先だよ。,到達点。,,
1185,先生,が,学生,に,知識,を,伝える,「に」はあいて、「を」は対象だよ。,受け手＋対象。,,
1186,ぼく,は,友達,と,会話,を,する,「と」はあいて、「を」は対象だよ。,共同＋対象。,,
1187,わたし,は,駅,から,徒歩,で,移動する,「から」ははじまり、「で」は手段だよ。,起点＋手段。,,
1188,鳥,が,川,を,,,渡る,「を」は通る場所だよ。,経路。,,
1189,友達,が,学校,で,活動,を,行う,「で」は場所、「を」は対象だよ。,場所＋対象。,,
1190,先生,が,本,の,内容,を,説明する,「の」はつながり、「を」は対象だよ。,連体修飾＋対象。,,
1191,ぼく,は,夜,に,音楽,を,聴く,「に」は時間、「を」は対象だよ。,時間＋対象。,,
1192,わたし,は,公園,で,友達,と,話す,「で」は場所、「と」はいっしょだよ。,場所＋共同。,,
1193,ねこ,が,棚,の,上,で,眠る,「の」はつながり、「で」は場所だよ。,連体修飾＋場所。,,
1194,犬,が,庭,から,外,へ,出る,「から」ははじまり、「へ」は行き先だよ。,起点＋方向。,,
1195,先生,が,学生,に,課題,を,出す,「に」はあいて、「を」は対象だよ。,受け手＋対象。,,
1196,ぼく,は,朝,に,準備,を,進める,「に」は時間、「を」は対象だよ。,時間＋対象。,,
1197,わたし,は,友達,から,情報,を,得る,「から」はもと、「を」は対象だよ。,起点＋対象。,,
1198,鳥,が,空,に,,,飛び立つ,「に」は行き先だよ。,到達点。,,
1199,友達,が,教室,で,発言,を,する,「で」は場所、「を」は対象だよ。,場所＋対象。,,
1200,先生,が,歴史,について,話,を,する,「について」はそのこと、「を」は対象だよ。,複合助詞＋対象。,,
1201,ぼく,は,結果,から,原因,を,考える,「から」はもと、「を」は考えるものだよ。,原因推定（起点）＋対象。,,
1202,わたし,は,朝,に,目標,を,決める,「に」は時間、「を」は対象だよ。,時間＋対象。,,
1203,ねこ,が,庭,の,影,で,休む,「の」はつながり、「で」は場所だよ。,連体修飾＋場所。,,
1204,犬,が,飼い主,に,合図,を,送る,「に」はあいて、「を」は対象だよ。,受け手＋対象。,,
1205,先生,が,学生,に,課題,を,提示する,「に」はあいて、「を」は対象だよ。,受け手＋対象。,,
1206,ぼく,は,友達,と,意見,を,比較する,「と」はあいて、「を」は対象だよ。,共同・比較＋対象。,,
1207,わたし,は,家,から,駅,まで,急いで移動する,「から」ははじまり、「まで」はおわりだよ。,起点＋終点。,,
1208,鳥,が,空,を,,,旋回する,「を」は通る場所だよ。,経路。,,
1209,友達,が,教室,に,,,駆け込む,「に」は行き先だよ。,到達点。,,
1210,先生,が,環境問題,について,意見,を,述べる,「について」はテーマ、「を」は対象だよ。,主題＋対象。,,
1211,ぼく,は,夜,まで,研究,を,続ける,「まで」はおわり、「を」は対象だよ。,終点＋対象。,,
1212,わたし,は,公園,で,自然,を,観察する,「で」は場所、「を」は対象だよ。,場所＋対象。,,
1213,ねこ,が,机,の,角,で,眠る,「の」はつながり、「で」は場所だよ。,連体修飾＋場所。,,
1214,犬,が,道,を,,,一直線に走る,「を」は通る場所だよ。,経路。,,
1215,先生,が,学生,と,課題,を,分析する,「と」は相手、「を」は対象だよ。,共同＋対象。,,
1216,ぼく,は,朝,から,作業,を,開始する,「から」ははじまり、「を」は対象だよ。,起点＋対象。,,
1217,わたし,は,友達,に,相談,を,持ちかける,「に」はあいて、「を」は対象だよ。,受け手＋対象。,,
1218,鳥,が,山,に,,,接近する,「に」は行き先だよ。,到達点。,,
1219,友達,が,家,で,計画,を,練る,「で」は場所、「を」は対象だよ。,場所＋対象。,,
1220,先生,が,問題,を,,,解釈する,「を」は対象だよ。,対格。,,
1221,ぼく,は,図書館,で,資料,を,整理する,「で」は場所、「を」は対象だよ。,場所＋対象。,,
1222,わたし,は,昼,に,昼食,を,済ませる,「に」は時間、「を」は対象だよ。,時間＋対象。,,
1223,ねこ,が,窓,の,外,を,見渡す,「の」はつながり、「を」は対象だよ。,連体修飾＋対象。,,
1224,犬,が,家,に,,,戻る,「に」は行き先だよ。,到達点。,,
1225,先生,が,学生,に,知識,を,共有する,「に」はあいて、「を」は対象だよ。,受け手＋対象。,,
1226,ぼく,は,友達,と,考え,を,深める,「と」は相手、「を」は対象だよ。,共同＋対象。,,
1227,わたし,は,駅,から,徒歩,で,移動する,「から」ははじまり、「で」は手段だよ。,起点＋手段。,,
1228,鳥,が,川,を,,,横切る,「を」は通る場所だよ。,経路。,,
1229,友達,が,学校,で,実験,を,行う,「で」は場所、「を」は対象だよ。,場所＋対象。,,
1230,先生,が,本,の,内容,を,解説する,「の」はつながり、「を」は対象だよ。,連体修飾＋対象。,,
1231,ぼく,は,夜,に,音楽,を,楽しむ,「に」は時間、「を」は対象だよ。,時間＋対象。,,
1232,わたし,は,公園,で,友達,と,議論する,「で」は場所、「と」は相手だよ。,場所＋共同。,,
1233,ねこ,が,棚,の,端,で,眠る,「の」はつながり、「で」は場所だよ。,連体修飾＋場所。,,
1234,犬,が,庭,から,外,へ,飛び出す,「から」ははじまり、「へ」は行き先だよ。,起点＋方向。,,
1235,先生,が,学生,に,課題,を,配布する,「に」はあいて、「を」は対象だよ。,受け手＋対象。,,
1236,ぼく,は,朝,に,準備,を,整える,「に」は時間、「を」は対象だよ。,時間＋対象。,,
1237,わたし,は,友達,から,情報,を,収集する,「から」はもと、「を」は対象だよ。,起点＋対象。,,
1238,鳥,が,空,に,,,舞う,「に」は行き先だよ。,到達点。,,
1239,友達,が,教室,で,発言,を,行う,「で」は場所、「を」は対象だよ。,場所＋対象。,,
1240,先生,が,歴史,について,説明,を,する,「について」はテーマ、「を」は対象だよ。,主題＋対象。,,
1241,ぼく,は,家,で,映画,を,鑑賞する,「で」は場所、「を」は対象だよ。,場所＋対象。,,
1242,わたし,は,駅,へ,,,急ぐ,「へ」は方向だよ。,方向。,,
1243,ねこ,が,机,の,下,で,丸くなる,「の」はつながり、「で」は場所だよ。,連体修飾＋場所。,,
1244,犬,が,庭,から,外,へ,走る,「から」ははじまり、「へ」は行き先だよ。,起点＋方向。,,
1245,先生,が,学生,に,資料,を,配る,「に」はあいて、「を」は対象だよ。,受け手＋対象。,,
1246,ぼく,は,図書館,で,資料,を,読む,「で」は場所、「を」は対象だよ。,場所＋対象。,,
1247,わたし,は,朝,に,飲み物,を,飲む,「に」は時間、「を」は対象だよ。,時間＋対象。,,
1248,鳥,が,空,を,,,飛び回る,「を」は通る場所だよ。,経路。,,
1249,友達,が,駅,で,人,を,待つ,「で」は場所、「を」は対象だよ。,場所＋対象。,,
1250,先生,が,問題,を,,,解く,「を」は対象だよ。,対格。,,
1251,ぼく,は,経験,により,判断,を,変える,「により」は理由、「を」は対象だよ。,原因＋対象。,,
1252,わたし,は,朝,から,活動,を,続ける,「から」ははじまり、「を」は対象だよ。,起点＋対象。,,
1253,ねこ,が,庭,の,草,で,遊ぶ,「の」はつながり、「で」は場所だよ。,連体修飾＋場所。,,
1254,犬,が,飼い主,に,声,を,届ける,「に」はあいて、「を」は対象だよ。,受け手＋対象。,,
1255,先生,が,学生,に,指示,を,出す,「に」はあいて、「を」は対象だよ。,受け手＋対象。,,
1256,ぼく,は,友達,と,計画,を,立てる,「と」はいっしょ、「を」は対象だよ。,共同＋対象。,,
1257,わたし,は,家,から,駅,まで,歩く,「から」ははじまり、「まで」はおわりだよ。,起点＋終点。,,
1258,鳥,が,空,を,,,高く飛ぶ,「を」は通る場所だよ。,経路。,,
1259,友達,が,教室,に,,,入る,「に」は行き先だよ。,到達点。,,
1260,先生,が,自然,について,話,を,する,「について」はテーマ、「を」は対象だよ。,主題＋対象。,,
1261,ぼく,は,結果,から,理由,を,導く,「から」はもと、「を」は対象だよ。,起点＋対象。,,
1262,わたし,は,昼,に,課題,を,進める,「に」は時間、「を」は対象だよ。,時間＋対象。,,
1263,ねこ,が,窓,の,近く,で,眠る,「の」はつながり、「で」は場所だよ。,連体修飾＋場所。,,
1264,犬,が,主人,に,信頼,を,示す,「に」はあいて、「を」は対象だよ。,受け手＋対象。,,
1265,先生,が,学生,に,方法,を,教える,「に」はあいて、「を」は対象だよ。,受け手＋対象。,,
1266,ぼく,は,友達,と,考え,を,共有する,「と」は相手、「を」は対象だよ。,共同＋対象。,,
1267,わたし,は,家,から,図書館,まで,移動する,「から」ははじまり、「まで」はおわりだよ。,起点＋終点。,,
1268,鳥,が,空,を,,,滑空する,「を」は通る場所だよ。,経路。,,
1269,友達,が,部屋,に,,,入る,「に」は行き先だよ。,到達点。,,
1270,先生,が,社会問題,について,議論,を,行う,「について」はテーマ、「を」は対象だよ。,主題＋対象。,,
1271,ぼく,は,夜,まで,読書,を,続ける,「まで」は終わり、「を」は対象だよ。,終点＋対象。,,
1272,わたし,は,公園,で,景色,を,眺める,「で」は場所、「を」は対象だよ。,場所＋対象。,,
1273,ねこ,が,机,の,端,で,眠る,「の」はつながり、「で」は場所だよ。,連体修飾＋場所。,,
1274,犬,が,道,を,,,歩き回る,「を」は通る場所だよ。,経路。,,
1275,先生,が,学生,と,意見,を,交わす,「と」は相手、「を」は対象だよ。,共同＋対象。,,
1276,ぼく,は,朝,から,勉強,を,続ける,「から」ははじまり、「を」は対象だよ。,起点＋対象。,,
1277,わたし,は,友達,に,質問,を,送る,「に」はあいて、「を」は対象だよ。,受け手＋対象。,,
1278,鳥,が,山,に,,,飛ぶ,「に」は行き先だよ。,到達点。,,
1279,友達,が,家,で,準備,を,整える,「で」は場所、「を」は対象だよ。,場所＋対象。,,
1280,先生,が,問題,を,,,説明する,「を」は対象だよ。,対格。,,
1281,ぼく,は,図書館,で,資料,を,確認する,「で」は場所、「を」は対象だよ。,場所＋対象。,,
1282,わたし,は,昼,に,食事,を,取る,「に」は時間、「を」は対象だよ。,時間＋対象。,,
1283,ねこ,が,窓,の,外,を,観察する,「の」はつながり、「を」は対象だよ。,連体修飾＋対象。,,
1284,犬,が,家,に,,,帰る,「に」は行き先だよ。,到達点。,,
1285,先生,が,学生,に,知識,を,伝える,「に」はあいて、「を」は対象だよ。,受け手＋対象。,,
1286,ぼく,は,友達,と,議題,を,考える,「と」は相手、「を」は対象だよ。,共同＋対象。,,
1287,わたし,は,駅,から,電車,で,通う,「から」ははじまり、「で」は手段だよ。,起点＋手段。,,
1288,鳥,が,川,を,,,渡る,「を」は通る場所だよ。,経路。,,
1289,友達,が,学校,で,活動,を,進める,「で」は場所、「を」は対象だよ。,場所＋対象。,,
1290,先生,が,本,の,内容,を,説明する,「の」はつながり、「を」は対象だよ。,連体修飾＋対象。,,
1291,ぼく,は,夜,に,音楽,を,聴く,「に」は時間、「を」は対象だよ。,時間＋対象。,,
1292,わたし,は,公園,で,友達,と,会話する,「で」は場所、「と」は相手だよ。,場所＋共同。,,
1293,ねこ,が,棚,の,上,で,眠る,「の」はつながり、「で」は場所だよ。,連体修飾＋場所。,,
1294,犬,が,庭,から,外,へ,出る,「から」ははじまり、「へ」は行き先だよ。,起点＋方向。,,
1295,先生,が,学生,に,課題,を,出す,「に」はあいて、「を」は対象だよ。,受け手＋対象。,,
1296,ぼく,は,朝,に,準備,を,進める,「に」は時間、「を」は対象だよ。,時間＋対象。,,
1297,わたし,は,友達,から,情報,を,得る,「から」はもと、「を」は対象だよ。,起点＋対象。,,
1298,鳥,が,空,に,,,飛び立つ,「に」は行き先だよ。,到達点。,,
1299,友達,が,教室,で,発言,を,する,「で」は場所、「を」は対象だよ。,場所＋対象。,,
1300,先生,が,歴史,について,話,を,する,「について」はテーマ、「を」は対象だよ。,主題＋対象。,,
1301,ぼく,は,経験,から,結論,を,導く,「から」はもと、「を」は対象だよ。,起点（根拠）＋対象。,,
1302,わたし,は,朝,に,計画,を,修正する,「に」は時間、「を」は対象だよ。,時間＋対象。,,
1303,ねこ,が,庭,の,石,で,くつろぐ,「の」はつながり、「で」は場所だよ。,連体修飾＋場所。,,
1304,犬,が,飼い主,に,視線,を,向ける,「に」はあいて、「を」は対象だよ。,受け手＋対象。,,
1305,先生,が,学生,に,資料,を,提示する,「に」はあいて、「を」は対象だよ。,受け手＋対象。,,
1306,ぼく,は,友達,と,考え,を,比較する,「と」は相手、「を」は対象だよ。,共同・比較＋対象。,,
1307,わたし,は,家,から,図書館,まで,歩く,「から」ははじまり、「まで」はおわりだよ。,起点＋終点。,,
1308,鳥,が,空,を,,,円を描いて飛ぶ,「を」は通る場所だよ。,経路。,,
1309,友達,が,教室,に,,,走り込む,「に」は行き先だよ。,到達点。,,
1310,先生,が,社会問題,について,見解,を,述べる,「について」はテーマ、「を」は対象だよ。,主題＋対象。,,
1311,ぼく,は,夜,まで,作業,を,継続する,「まで」は終わり、「を」は対象だよ。,終点＋対象。,,
1312,わたし,は,公園,で,植物,を,観察する,「で」は場所、「を」は対象だよ。,場所＋対象。,,
1313,ねこ,が,机,の,端,で,眠る,「の」はつながり、「で」は場所だよ。,連体修飾＋場所。,,
1314,犬,が,道,を,,,素早く走る,「を」は通る場所だよ。,経路。,,
1315,先生,が,学生,と,問題,を,検討する,「と」は相手、「を」は対象だよ。,共同＋対象。,,
1316,ぼく,は,朝,から,練習,を,開始する,「から」ははじまり、「を」は対象だよ。,起点＋対象。,,
1317,わたし,は,友達,に,意見,を,求める,「に」はあいて、「を」は対象だよ。,受け手＋対象。,,
1318,鳥,が,山,に,,,接近する,「に」は行き先だよ。,到達点。,,
1319,友達,が,家,で,計画,を,立てる,「で」は場所、「を」は対象だよ。,場所＋対象。,,
1320,先生,が,問題,を,,,分析する,「を」は対象だよ。,対格。,,
1321,ぼく,は,図書館,で,資料,を,整理する,「で」は場所、「を」は対象だよ。,場所＋対象。,,
1322,わたし,は,昼,に,昼食,を,取る,「に」は時間、「を」は対象だよ。,時間＋対象。,,
1323,ねこ,が,窓,の,外,を,じっと見る,「の」はつながり、「を」は対象だよ。,連体修飾＋対象。,,
1324,犬,が,家,に,,,戻る,「に」は行き先だよ。,到達点。,,
1325,先生,が,学生,に,方法,を,説明する,「に」はあいて、「を」は対象だよ。,受け手＋対象。,,
1326,ぼく,は,友達,と,考え,を,共有する,「と」は相手、「を」は対象だよ。,共同＋対象。,,
1327,わたし,は,駅,から,徒歩,で,通う,「から」ははじまり、「で」は手段だよ。,起点＋手段。,,
1328,鳥,が,川,を,,,横断する,「を」は通る場所だよ。,経路。,,
1329,友達,が,学校,で,研究,を,進める,「で」は場所、「を」は対象だよ。,場所＋対象。,,
1330,先生,が,本,の,内容,を,要約する,「の」はつながり、「を」は対象だよ。,連体修飾＋対象。,,
1331,ぼく,は,夜,に,音楽,を,鑑賞する,「に」は時間、「を」は対象だよ。,時間＋対象。,,
1332,わたし,は,公園,で,友達,と,意見交換する,「で」は場所、「と」は相手だよ。,場所＋共同。,,
1333,ねこ,が,棚,の,上,で,眠る,「の」はつながり、「で」は場所だよ。,連体修飾＋場所。,,
1334,犬,が,庭,から,外,へ,駆け出す,「から」ははじまり、「へ」は行き先だよ。,起点＋方向。,,
1335,先生,が,学生,に,課題,を,提示する,「に」はあいて、「を」は対象だよ。,受け手＋対象。,,
1336,ぼく,は,朝,に,準備,を,整える,「に」は時間、「を」は対象だよ。,時間＋対象。,,
1337,わたし,は,友達,から,情報,を,取得する,「から」はもと、「を」は対象だよ。,起点＋対象。,,
1338,鳥,が,空,に,,,舞い上がる,「に」は行き先だよ。,到達点。,,
1339,友達,が,教室,で,発言,を,行う,「で」は場所、「を」は対象だよ。,場所＋対象。,,
1340,先生,が,歴史,について,説明,を,行う,「について」はテーマ、「を」は対象だよ。,主題＋対象。,,
1341,ぼく,は,家,で,映画,を,鑑賞する,「で」は場所、「を」は対象だよ。,場所＋対象。,,
1342,わたし,は,駅,へ,,,急ぐ,「へ」は方向だよ。,方向。,,
1343,ねこ,が,机,の,下,で,丸くなる,「の」はつながり、「で」は場所だよ。,連体修飾＋場所。,,
1344,犬,が,庭,から,外,へ,走る,「から」ははじまり、「へ」は行き先だよ。,起点＋方向。,,
1345,先生,が,学生,に,資料,を,配布する,「に」はあいて、「を」は対象だよ。,受け手＋対象。,,
1346,ぼく,は,図書館,で,資料,を,確認する,「で」は場所、「を」は対象だよ。,場所＋対象。,,
1347,わたし,は,朝,に,飲み物,を,飲む,「に」は時間、「を」は対象だよ。,時間＋対象。,,
1348,鳥,が,空,を,,,飛び続ける,「を」は通る場所だよ。,経路。,,
1349,友達,が,駅,で,人,を,待つ,「で」は場所、「を」は対象だよ。,場所＋対象。,,
1350,先生,が,問題,を,,,解決する,「を」は対象だよ。,対格。,,
1351,ぼく,は,条件,によって,結果,を,変える,「によって」は理由、「を」は対象だよ。,条件＋対象。,,
1352,わたし,は,朝,から,活動,を,開始する,「から」ははじまり、「を」は対象だよ。,起点＋対象。,,
1353,ねこ,が,庭,の,中,で,遊ぶ,「の」はつながり、「で」は場所だよ。,連体修飾＋場所。,,
1354,犬,が,飼い主,に,信頼,を,示す,「に」はあいて、「を」は対象だよ。,受け手＋対象。,,
1355,先生,が,学生,に,指示,を,与える,「に」はあいて、「を」は対象だよ。,受け手＋対象。,,
1356,ぼく,は,友達,と,戦略,を,考える,「と」は相手、「を」は対象だよ。,共同＋対象。,,
1357,わたし,は,家,から,学校,まで,通う,「から」ははじまり、「まで」はおわりだよ。,起点＋終点。,,
1358,鳥,が,空,を,,,高く舞う,「を」は通る場所だよ。,経路。,,
1359,友達,が,教室,に,,,集まる,「に」は行き先だよ。,到達点。,,
1360,先生,が,自然,について,説明,を,する,「について」はテーマ、「を」は対象だよ。,主題＋対象。,,
1361,ぼく,は,結果,より,過程,を,重視する,「より」は比べる、「を」は対象だよ。,比較＋対象。,,
1362,わたし,は,昼,に,課題,を,進める,「に」は時間、「を」は対象だよ。,時間＋対象。,,
1363,ねこ,が,光,の,中,で,眠る,「の」はつながり、「で」は場所だよ。,連体修飾＋場所。,,
1364,犬,が,主人,に,注意,を,向ける,「に」はあいて、「を」は対象だよ。,受け手＋対象。,,
1365,先生,が,学生,に,方法,を,教える,「に」はあいて、「を」は対象だよ。,受け手＋対象。,,
1366,ぼく,は,友達,と,意見,を,交換する,「と」は相手、「を」は対象だよ。,共同＋対象。,,
1367,わたし,は,家,から,図書館,まで,通う,「から」ははじまり、「まで」はおわりだよ。,起点＋終点。,,
1368,鳥,が,空,を,,,滑空する,「を」は通る場所だよ。,経路。,,
1369,友達,が,部屋,に,,,入る,「に」は行き先だよ。,到達点。,,
1370,先生,が,社会問題,について,議論,を,行う,「について」はテーマ、「を」は対象だよ。,主題＋対象。,,
1371,ぼく,は,夜,まで,読書,を,続ける,「まで」は終わり、「を」は対象だよ。,終点＋対象。,,
1372,わたし,は,公園,で,風景,を,眺める,「で」は場所、「を」は対象だよ。,場所＋対象。,,
1373,ねこ,が,机,の,端,で,眠る,「の」はつながり、「で」は場所だよ。,連体修飾＋場所。,,
1374,犬,が,道,を,,,歩き回る,「を」は通る場所だよ。,経路。,,
1375,先生,が,学生,と,意見,を,交わす,「と」は相手、「を」は対象だよ。,共同＋対象。,,
1376,ぼく,は,朝,から,勉強,を,続ける,「から」ははじまり、「を」は対象だよ。,起点＋対象。,,
1377,わたし,は,友達,に,質問,を,する,「に」はあいて、「を」は対象だよ。,受け手＋対象。,,
1378,鳥,が,山,に,,,飛ぶ,「に」は行き先だよ。,到達点。,,
1379,友達,が,家,で,準備,を,整える,「で」は場所、「を」は対象だよ。,場所＋対象。,,
1380,先生,が,問題,を,,,説明する,「を」は対象だよ。,対格。,,
1381,ぼく,は,図書館,で,資料,を,確認する,「で」は場所、「を」は対象だよ。,場所＋対象。,,
1382,わたし,は,昼,に,食事,を,取る,「に」は時間、「を」は対象だよ。,時間＋対象。,,
1383,ねこ,が,窓,の,外,を,観察する,「の」はつながり、「を」は対象だよ。,連体修飾＋対象。,,
1384,犬,が,家,に,,,帰る,「に」は行き先だよ。,到達点。,,
1385,先生,が,学生,に,知識,を,伝える,「に」はあいて、「を」は対象だよ。,受け手＋対象。,,
1386,ぼく,は,友達,と,議題,を,考える,「と」は相手、「を」は対象だよ。,共同＋対象。,,
1387,わたし,は,駅,から,電車,で,通う,「から」ははじまり、「で」は手段だよ。,起点＋手段。,,
1388,鳥,が,川,を,,,渡る,「を」は通る場所だよ。,経路。,,
1389,友達,が,学校,で,活動,を,進める,「で」は場所、「を」は対象だよ。,場所＋対象。,,
1390,先生,が,本,の,内容,を,説明する,「の」はつながり、「を」は対象だよ。,連体修飾＋対象。,,
1391,ぼく,は,夜,に,音楽,を,聴く,「に」は時間、「を」は対象だよ。,時間＋対象。,,
1392,わたし,は,公園,で,友達,と,会話する,「で」は場所、「と」は相手だよ。,場所＋共同。,,
1393,ねこ,が,棚,の,上,で,眠る,「の」はつながり、「で」は場所だよ。,連体修飾＋場所。,,
1394,犬,が,庭,から,外,へ,出る,「から」ははじまり、「へ」は行き先だよ。,起点＋方向。,,
1395,先生,が,学生,に,課題,を,出す,「に」はあいて、「を」は対象だよ。,受け手＋対象。,,
1396,ぼく,は,朝,に,準備,を,進める,「に」は時間、「を」は対象だよ。,時間＋対象。,,
1397,わたし,は,友達,から,情報,を,得る,「から」はもと、「を」は対象だよ。,起点＋対象。,,
1398,鳥,が,空,に,,,飛び立つ,「に」は行き先だよ。,到達点。,,
1399,友達,が,教室,で,発言,を,する,「で」は場所、「を」は対象だよ。,場所＋対象。,,
1400,先生,が,歴史,について,話,を,する,「について」はテーマ、「を」は対象だよ。,主題＋対象。,,
1401,ぼく,は,結果,より,過程,を,重視する,「より」はくらべる、「を」は対象だよ。,比較＋対象。,,
1402,わたし,は,朝,に,計画,を,立てる,「に」は時間、「を」は対象だよ。,時間＋対象。,,
1403,ねこ,が,草,の,中,で,くつろぐ,「の」はつながり、「で」は場所だよ。,連体修飾＋場所。,,
1404,犬,が,飼い主,に,期待,を,示す,「に」はあいて、「を」は対象だよ。,受け手＋対象。,,
1405,先生,が,学生,に,方針,を,伝える,「に」はあいて、「を」は対象だよ。,受け手＋対象。,,
1406,ぼく,は,友達,と,考え,を,統合する,「と」は相手、「を」は対象だよ。,共同＋対象。,,
1407,わたし,は,家,から,学校,まで,移動する,「から」ははじまり、「まで」はおわりだよ。,起点＋終点。,,
1408,鳥,が,空,を,,,旋回する,「を」は通る場所だよ。,経路。,,
1409,友達,が,教室,に,,,急いで入る,「に」は行き先だよ。,到達点。,,
1410,先生,が,社会,について,意見,を,述べる,「について」はテーマ、「を」は対象だよ。,主題＋対象。,,
1411,ぼく,は,夜,まで,作業,を,続行する,「まで」は終わり、「を」は対象だよ。,終点＋対象。,,
1412,わたし,は,公園,で,自然,を,観察する,「で」は場所、「を」は対象だよ。,場所＋対象。,,
1413,ねこ,が,机,の,上,で,眠る,「の」はつながり、「で」は場所だよ。,連体修飾＋場所。,,
1414,犬,が,道,を,,,駆け抜ける,「を」は通る場所だよ。,経路。,,
1415,先生,が,学生,と,問題,を,検証する,「と」は相手、「を」は対象だよ。,共同＋対象。,,
1416,ぼく,は,朝,から,練習,を,継続する,「から」ははじまり、「を」は対象だよ。,起点＋対象。,,
1417,わたし,は,友達,に,助言,を,求める,「に」はあいて、「を」は対象だよ。,受け手＋対象。,,
1418,鳥,が,山,に,,,飛来する,「に」は行き先だよ。,到達点。,,
1419,友達,が,家,で,計画,を,立案する,「で」は場所、「を」は対象だよ。,場所＋対象。,,
1420,先生,が,問題,を,,,解析する,「を」は対象だよ。,対格。,,
1421,ぼく,は,図書館,で,資料,を,分類する,「で」は場所、「を」は対象だよ。,場所＋対象。,,
1422,わたし,は,昼,に,食事,を,とる,「に」は時間、「を」は対象だよ。,時間＋対象。,,
1423,ねこ,が,窓,の,外,を,観察する,「の」はつながり、「を」は対象だよ。,連体修飾＋対象。,,
1424,犬,が,家,に,,,帰還する,「に」は行き先だよ。,到達点。,,
1425,先生,が,学生,に,知識,を,提供する,「に」はあいて、「を」は対象だよ。,受け手＋対象。,,
1426,ぼく,は,友達,と,考え,を,共有する,「と」は相手、「を」は対象だよ。,共同＋対象。,,
1427,わたし,は,駅,から,徒歩,で,通う,「から」ははじまり、「で」は手段だよ。,起点＋手段。,,
1428,鳥,が,川,を,,,横断する,「を」は通る場所だよ。,経路。,,
1429,友達,が,学校,で,実験,を,実施する,「で」は場所、「を」は対象だよ。,場所＋対象。,,
1430,先生,が,本,の,内容,を,要約する,「の」はつながり、「を」は対象だよ。,連体修飾＋対象。,,
1431,ぼく,は,夜,に,音楽,を,聴く,「に」は時間、「を」は対象だよ。,時間＋対象。,,
1432,わたし,は,公園,で,友達,と,議論する,「で」は場所、「と」は相手だよ。,場所＋共同。,,
1433,ねこ,が,棚,の,上,で,眠る,「の」はつながり、「で」は場所だよ。,連体修飾＋場所。,,
1434,犬,が,庭,から,外,へ,飛び出す,「から」ははじまり、「へ」は行き先だよ。,起点＋方向。,,
1435,先生,が,学生,に,課題,を,提示する,「に」はあいて、「を」は対象だよ。,受け手＋対象。,,
1436,ぼく,は,朝,に,準備,を,整える,「に」は時間、「を」は対象だよ。,時間＋対象。,,
1437,わたし,は,友達,から,情報,を,取得する,「から」はもと、「を」は対象だよ。,起点＋対象。,,
1438,鳥,が,空,に,,,舞い上がる,「に」は行き先だよ。,到達点。,,
1439,友達,が,教室,で,発言,を,行う,「で」は場所、「を」は対象だよ。,場所＋対象。,,
1440,先生,が,歴史,について,説明,を,行う,「について」はテーマ、「を」は対象だよ。,主題＋対象。,,
1441,ぼく,は,家,で,映画,を,鑑賞する,「で」は場所、「を」は対象だよ。,場所＋対象。,,
1442,わたし,は,駅,へ,,,急ぐ,「へ」は方向だよ。,方向。,,
1443,ねこ,が,机,の,下,で,丸くなる,「の」はつながり、「で」は場所だよ。,連体修飾＋場所。,,
1444,犬,が,庭,から,外,へ,走る,「から」ははじまり、「へ」は行き先だよ。,起点＋方向。,,
1445,先生,が,学生,に,資料,を,配布する,「に」はあいて、「を」は対象だよ。,受け手＋対象。,,
1446,ぼく,は,図書館,で,資料,を,確認する,「で」は場所、「を」は対象だよ。,場所＋対象。,,
1447,わたし,は,朝,に,飲料,を,飲む,「に」は時間、「を」は対象だよ。,時間＋対象。,,
1448,鳥,が,空,を,,,飛び続ける,「を」は通る場所だよ。,経路。,,
1449,友達,が,駅,で,人,を,待つ,「で」は場所、「を」は対象だよ。,場所＋対象。,,
1450,先生,が,問題,を,,,解決する,「を」は対象だよ。,対格。,,
1451,ぼく,は,条件,によって,結果,を,変化させる,「によって」は理由、「を」は対象だよ。,条件＋対象。,,
1452,わたし,は,朝,から,活動,を,継続する,「から」ははじまり、「を」は対象だよ。,起点＋対象。,,
1453,ねこ,が,庭,の,石,で,遊ぶ,「の」はつながり、「で」は場所だよ。,連体修飾＋場所。,,
1454,犬,が,飼い主,に,愛情,を,示す,「に」はあいて、「を」は対象だよ。,受け手＋対象。,,
1455,先生,が,学生,に,指示,を,与える,「に」はあいて、「を」は対象だよ。,受け手＋対象。,,
1456,ぼく,は,友達,と,計画,を,構築する,「と」は相手、「を」は対象だよ。,共同＋対象。,,
1457,わたし,は,家,から,学校,まで,通う,「から」ははじまり、「まで」はおわりだよ。,起点＋終点。,,
1458,鳥,が,空,を,,,高く飛翔する,「を」は通る場所だよ。,経路。,,
1459,友達,が,教室,に,,,集合する,「に」は行き先だよ。,到達点。,,
1460,先生,が,自然,について,説明,を,行う,「について」はテーマ、「を」は対象だよ。,主題＋対象。,,
1461,ぼく,は,結果,より,努力,を,評価する,「より」はくらべる、「を」は対象だよ。,比較＋対象。,,
1462,わたし,は,昼,に,課題,を,進める,「に」は時間、「を」は対象だよ。,時間＋対象。,,
1463,ねこ,が,窓,の,そば,で,眠る,「の」はつながり、「で」は場所だよ。,連体修飾＋場所。,,
1464,犬,が,主人,に,関心,を,示す,「に」はあいて、「を」は対象だよ。,受け手＋対象。,,
1465,先生,が,学生,に,方法,を,説明する,「に」はあいて、「を」は対象だよ。,受け手＋対象。,,
1466,ぼく,は,友達,と,意見,を,交換する,「と」は相手、「を」は対象だよ。,共同＋対象。,,
1467,わたし,は,家,から,図書館,まで,通う,「から」ははじまり、「まで」はおわりだよ。,起点＋終点。,,
1468,鳥,が,空,を,,,滑空する,「を」は通る場所だよ。,経路。,,
1469,友達,が,部屋,に,,,入室する,「に」は行き先だよ。,到達点。,,
1470,先生,が,社会問題,について,議論,を,進める,「について」はテーマ、「を」は対象だよ。,主題＋対象。,,
1471,ぼく,は,夜,まで,読書,を,続ける,「まで」は終わり、「を」は対象だよ。,終点＋対象。,,
1472,わたし,は,公園,で,景観,を,眺める,「で」は場所、「を」は対象だよ。,場所＋対象。,,
1473,ねこ,が,机,の,端,で,眠る,「の」はつながり、「で」は場所だよ。,連体修飾＋場所。,,
1474,犬,が,道,を,,,歩き回る,「を」は通る場所だよ。,経路。,,
1475,先生,が,学生,と,意見,を,共有する,「と」は相手、「を」は対象だよ。,共同＋対象。,,
1476,ぼく,は,朝,から,勉強,を,続ける,「から」ははじまり、「を」は対象だよ。,起点＋対象。,,
1477,わたし,は,友達,に,質問,を,する,「に」はあいて、「を」は対象だよ。,受け手＋対象。,,
1478,鳥,が,山,に,,,飛来する,「に」は行き先だよ。,到達点。,,
1479,友達,が,家,で,準備,を,整える,「で」は場所、「を」は対象だよ。,場所＋対象。,,
1480,先生,が,問題,を,,,説明する,「を」は対象だよ。,対格。,,
1481,ぼく,は,図書館,で,資料,を,確認する,「で」は場所、「を」は対象だよ。,場所＋対象。,,
1482,わたし,は,昼,に,食事,を,取る,「に」は時間、「を」は対象だよ。,時間＋対象。,,
1483,ねこ,が,窓,の,外,を,観察する,「の」はつながり、「を」は対象だよ。,連体修飾＋対象。,,
1484,犬,が,家,に,,,帰る,「に」は行き先だよ。,到達点。,,
1485,先生,が,学生,に,知識,を,伝える,「に」はあいて、「を」は対象だよ。,受け手＋対象。,,
1486,ぼく,は,友達,と,議題,を,検討する,「と」は相手、「を」は対象だよ。,共同＋対象。,,
1487,わたし,は,駅,から,電車,で,通う,「から」ははじまり、「で」は手段だよ。,起点＋手段。,,
1488,鳥,が,川,を,,,渡る,「を」は通る場所だよ。,経路。,,
1489,友達,が,学校,で,活動,を,進行する,「で」は場所、「を」は対象だよ。,場所＋対象。,,
1490,先生,が,本,の,内容,を,説明する,「の」はつながり、「を」は対象だよ。,連体修飾＋対象。,,
1491,ぼく,は,夜,に,音楽,を,楽しむ,「に」は時間、「を」は対象だよ。,時間＋対象。,,
1492,わたし,は,公園,で,友達,と,対話する,「で」は場所、「と」は相手だよ。,場所＋共同。,,
1493,ねこ,が,棚,の,上,で,眠る,「の」はつながり、「で」は場所だよ。,連体修飾＋場所。,,
1494,犬,が,庭,から,外,へ,出る,「から」ははじまり、「へ」は行き先だよ。,起点＋方向。,,
1495,先生,が,学生,に,課題,を,与える,「に」はあいて、「を」は対象だよ。,受け手＋対象。,,
1496,ぼく,は,朝,に,準備,を,進める,「に」は時間、「を」は対象だよ。,時間＋対象。,,
1497,わたし,は,友達,から,情報,を,得る,「から」はもと、「を」は対象だよ。,起点＋対象。,,
1498,鳥,が,空,に,,,飛び立つ,「に」は行き先だよ。,到達点。,,
1499,友達,が,教室,で,発言,を,する,「で」は場所、「を」は対象だよ。,場所＋対象。,,
1500,先生,が,歴史,について,話,を,する,「について」はテーマ、「を」は対象だよ。,主題＋対象。,,
1501,ぼく,は,状況,から,判断,を,下す,「から」はもと、「を」は対象だよ。,根拠＋対象。,,
1502,わたし,は,朝,に,予定,を,確認する,「に」は時間、「を」は対象だよ。,時間＋対象。,,
1503,ねこ,が,木,の,下,で,休む,「の」はつながり、「で」は場所だよ。,連体修飾＋場所。,,
1504,犬,が,飼い主,に,反応,を,示す,「に」はあいて、「を」は対象だよ。,受け手＋対象。,,
1505,先生,が,学生,に,方策,を,示す,「に」はあいて、「を」は対象だよ。,受け手＋対象。,,
1506,ぼく,は,友達,と,意見,を,調整する,「と」は相手、「を」は対象だよ。,共同＋対象。,,
1507,わたし,は,家,から,職場,まで,通う,「から」ははじまり、「まで」はおわりだよ。,起点＋終点。,,
1508,鳥,が,空,を,,,旋回し続ける,「を」は通る場所だよ。,経路。,,
1509,友達,が,教室,に,,,入室する,「に」は行き先だよ。,到達点。,,
1510,先生,が,制度,について,説明,を,行う,「について」はテーマ、「を」は対象だよ。,主題＋対象。,,
1511,ぼく,は,夜,まで,作業,を,継続する,「まで」は終わり、「を」は対象だよ。,終点＋対象。,,
1512,わたし,は,公園,で,環境,を,観察する,「で」は場所、「を」は対象だよ。,場所＋対象。,,
1513,ねこ,が,机,の,上,で,丸くなる,「の」はつながり、「で」は場所だよ。,連体修飾＋場所。,,
1514,犬,が,道,を,,,駆け抜ける,「を」は通る場所だよ。,経路。,,
1515,先生,が,学生,と,議題,を,検討する,「と」は相手、「を」は対象だよ。,共同＋対象。,,
1516,ぼく,は,朝,から,業務,を,開始する,「から」ははじまり、「を」は対象だよ。,起点＋対象。,,
1517,わたし,は,友達,に,助言,を,依頼する,「に」はあいて、「を」は対象だよ。,受け手＋対象。,,
1518,鳥,が,山,に,,,接近する,「に」は行き先だよ。,到達点。,,
1519,友達,が,家,で,計画,を,策定する,「で」は場所、「を」は対象だよ。,場所＋対象。,,
1520,先生,が,問題,を,,,分析する,「を」は対象だよ。,対格。,,
1521,ぼく,は,図書館,で,資料,を,整理する,「で」は場所、「を」は対象だよ。,場所＋対象。,,
1522,わたし,は,昼,に,食事,を,とる,「に」は時間、「を」は対象だよ。,時間＋対象。,,
1523,ねこ,が,窓,の,外,を,見渡す,「の」はつながり、「を」は対象だよ。,連体修飾＋対象。,,
1524,犬,が,家,に,,,戻る,「に」は行き先だよ。,到達点。,,
1525,先生,が,学生,に,知識,を,提供する,「に」はあいて、「を」は対象だよ。,受け手＋対象。,,
1526,ぼく,は,友達,と,考え,を,共有する,「と」は相手、「を」は対象だよ。,共同＋対象。,,
1527,わたし,は,駅,から,電車,で,移動する,「から」ははじまり、「で」は手段だよ。,起点＋手段。,,
1528,鳥,が,川,を,,,横断する,「を」は通る場所だよ。,経路。,,
1529,友達,が,学校,で,研究,を,実施する,「で」は場所、「を」は対象だよ。,場所＋対象。,,
1530,先生,が,本,の,内容,を,要約する,「の」はつながり、「を」は対象だよ。,連体修飾＋対象。,,
1531,ぼく,は,夜,に,音楽,を,鑑賞する,「に」は時間、「を」は対象だよ。,時間＋対象。,,
1532,わたし,は,公園,で,友達,と,対話する,「で」は場所、「と」は相手だよ。,場所＋共同。,,
1533,ねこ,が,棚,の,上,で,眠る,「の」はつながり、「で」は場所だよ。,連体修飾＋場所。,,
1534,犬,が,庭,から,外,へ,飛び出す,「から」ははじまり、「へ」は行き先だよ。,起点＋方向。,,
1535,先生,が,学生,に,課題,を,提示する,「に」はあいて、「を」は対象だよ。,受け手＋対象。,,
1536,ぼく,は,朝,に,準備,を,整える,「に」は時間、「を」は対象だよ。,時間＋対象。,,
1537,わたし,は,友達,から,情報,を,取得する,「から」はもと、「を」は対象だよ。,起点＋対象。,,
1538,鳥,が,空,に,,,舞い上がる,「に」は行き先だよ。,到達点。,,
1539,友達,が,教室,で,発言,を,行う,「で」は場所、「を」は対象だよ。,場所＋対象。,,
1540,先生,が,歴史,について,説明,を,行う,「について」はテーマ、「を」は対象だよ。,主題＋対象。,,
1541,ぼく,は,家,で,映画,を,鑑賞する,「で」は場所、「を」は対象だよ。,場所＋対象。,,
1542,わたし,は,駅,へ,,,向かう,「へ」は方向だよ。,方向。,,
1543,ねこ,が,机,の,下,で,眠る,「の」はつながり、「で」は場所だよ。,連体修飾＋場所。,,
1544,犬,が,庭,から,外,へ,走る,「から」ははじまり、「へ」は行き先だよ。,起点＋方向。,,
1545,先生,が,学生,に,資料,を,配布する,「に」はあいて、「を」は対象だよ。,受け手＋対象。,,
1546,ぼく,は,図書館,で,資料,を,確認する,「で」は場所、「を」は対象だよ。,場所＋対象。,,
1547,わたし,は,朝,に,飲料,を,飲む,「に」は時間、「を」は対象だよ。,時間＋対象。,,
1548,鳥,が,空,を,,,飛び続ける,「を」は通る場所だよ。,経路。,,
1549,友達,が,駅,で,人,を,待つ,「で」は場所、「を」は対象だよ。,場所＋対象。,,
1550,先生,が,問題,を,,,解決する,「を」は対象だよ。,対格。,,
1551,ぼく,は,条件,によって,結果,を,変える,「によって」は理由、「を」は対象だよ。,条件＋対象。,,
1552,わたし,は,朝,から,活動,を,続ける,「から」ははじまり、「を」は対象だよ。,起点＋対象。,,
1553,ねこ,が,庭,の,草,で,遊ぶ,「の」はつながり、「で」は場所だよ。,連体修飾＋場所。,,
1554,犬,が,飼い主,に,信頼,を,示す,「に」はあいて、「を」は対象だよ。,受け手＋対象。,,
1555,先生,が,学生,に,指示,を,出す,「に」はあいて、「を」は対象だよ。,受け手＋対象。,,
1556,ぼく,は,友達,と,戦略,を,立てる,「と」は相手、「を」は対象だよ。,共同＋対象。,,
1557,わたし,は,家,から,学校,まで,通う,「から」ははじまり、「まで」はおわりだよ。,起点＋終点。,,
1558,鳥,が,空,を,,,高く飛ぶ,「を」は通る場所だよ。,経路。,,
1559,友達,が,教室,に,,,集まる,「に」は行き先だよ。,到達点。,,
1560,先生,が,自然,について,話,を,する,「について」はテーマ、「を」は対象だよ。,主題＋対象。,,
1561,ぼく,は,結果,より,努力,を,評価する,「より」はくらべる、「を」は対象だよ。,比較＋対象。,,
1562,わたし,は,昼,に,課題,を,進める,「に」は時間、「を」は対象だよ。,時間＋対象。,,
1563,ねこ,が,窓,の,向こう,で,眠る,「の」はつながり、「で」は場所だよ。,連体修飾＋場所。,,
1564,犬,が,主人,に,関心,を,示す,「に」はあいて、「を」は対象だよ。,受け手＋対象。,,
1565,先生,が,学生,に,方法,を,説明する,「に」はあいて、「を」は対象だよ。,受け手＋対象。,,
1566,ぼく,は,友達,と,意見,を,交換する,「と」は相手、「を」は対象だよ。,共同＋対象。,,
1567,わたし,は,家,から,図書館,まで,通う,「から」ははじまり、「まで」はおわりだよ。,起点＋終点。,,
1568,鳥,が,空,を,,,滑空する,「を」は通る場所だよ。,経路。,,
1569,友達,が,部屋,に,,,入る,「に」は行き先だよ。,到達点。,,
1570,先生,が,社会問題,について,議論,を,行う,「について」はテーマ、「を」は対象だよ。,主題＋対象。,,
1571,ぼく,は,夜,まで,読書,を,続ける,「まで」は終わり、「を」は対象だよ。,終点＋対象。,,
1572,わたし,は,公園,で,風景,を,眺める,「で」は場所、「を」は対象だよ。,場所＋対象。,,
1573,ねこ,が,机,の,端,で,眠る,「の」はつながり、「で」は場所だよ。,連体修飾＋場所。,,
1574,犬,が,道,を,,,歩き回る,「を」は通る場所だよ。,経路。,,
1575,先生,が,学生,と,意見,を,共有する,「と」は相手、「を」は対象だよ。,共同＋対象。,,
1576,ぼく,は,朝,から,勉強,を,続ける,「から」ははじまり、「を」は対象だよ。,起点＋対象。,,
1577,わたし,は,友達,に,質問,を,する,「に」はあいて、「を」は対象だよ。,受け手＋対象。,,
1578,鳥,が,山,に,,,飛ぶ,「に」は行き先だよ。,到達点。,,
1579,友達,が,家,で,準備,を,整える,「で」は場所、「を」は対象だよ。,場所＋対象。,,
1580,先生,が,問題,を,,,説明する,「を」は対象だよ。,対格。,,
1581,ぼく,は,図書館,で,資料,を,確認する,「で」は場所、「を」は対象だよ。,場所＋対象。,,
1582,わたし,は,昼,に,食事,を,取る,「に」は時間、「を」は対象だよ。,時間＋対象。,,
1583,ねこ,が,窓,の,外,を,観察する,「の」はつながり、「を」は対象だよ。,連体修飾＋対象。,,
1584,犬,が,家,に,,,帰る,「に」は行き先だよ。,到達点。,,
1585,先生,が,学生,に,知識,を,伝える,「に」はあいて、「を」は対象だよ。,受け手＋対象。,,
1586,ぼく,は,友達,と,議題,を,検討する,「と」は相手、「を」は対象だよ。,共同＋対象。,,
1587,わたし,は,駅,から,電車,で,通う,「から」ははじまり、「で」は手段だよ。,起点＋手段。,,
1588,鳥,が,川,を,,,渡る,「を」は通る場所だよ。,経路。,,
1589,友達,が,学校,で,活動,を,進める,「で」は場所、「を」は対象だよ。,場所＋対象。,,
1590,先生,が,本,の,内容,を,説明する,「の」はつながり、「を」は対象だよ。,連体修飾＋対象。,,
1591,ぼく,は,夜,に,音楽,を,楽しむ,「に」は時間、「を」は対象だよ。,時間＋対象。,,
1592,わたし,は,公園,で,友達,と,会話する,「で」は場所、「と」は相手だよ。,場所＋共同。,,
1593,ねこ,が,棚,の,上,で,眠る,「の」はつながり、「で」は場所だよ。,連体修飾＋場所。,,
1594,犬,が,庭,から,外,へ,出る,「から」ははじまり、「へ」は行き先だよ。,起点＋方向。,,
1595,先生,が,学生,に,課題,を,出す,「に」はあいて、「を」は対象だよ。,受け手＋対象。,,
1596,ぼく,は,朝,に,準備,を,進める,「に」は時間、「を」は対象だよ。,時間＋対象。,,
1597,わたし,は,友達,から,情報,を,得る,「から」はもと、「を」は対象だよ。,起点＋対象。,,
1598,鳥,が,空,に,,,飛び立つ,「に」は行き先だよ。,到達点。,,
1599,友達,が,教室,で,発言,を,する,「で」は場所、「を」は対象だよ。,場所＋対象。,,
1600,先生,が,歴史,について,話,を,する,「について」はテーマ、「を」は対象だよ。,主題＋対象。,,
1601,ぼく,は,経験,から,教訓,を,得る,「から」はもと、「を」は対象だよ。,起点（根拠）＋対象。,,
1602,わたし,は,朝,に,日課,を,確認する,「に」は時間、「を」は対象だよ。,時間＋対象。,,
1603,ねこ,が,庭,の,外,で,くつろぐ,「の」はつながり、「で」は場所だよ。,連体修飾＋場所。,,
1604,犬,が,飼い主,に,安心感,を,与える,「に」はあいて、「を」は対象だよ。,受け手＋対象。,,
1605,先生,が,学生,に,課題,を,提示する,「に」はあいて、「を」は対象だよ。,受け手＋対象。,,
1606,ぼく,は,友達,と,意見,を,整理する,「と」は相手、「を」は対象だよ。,共同＋対象。,,
1607,わたし,は,家,から,学校,まで,通学する,「から」ははじまり、「まで」はおわりだよ。,起点＋終点。,,
1608,鳥,が,空,を,,,滑らかに飛ぶ,「を」は通る場所だよ。,経路。,,
1609,友達,が,教室,に,,,静かに入る,「に」は行き先だよ。,到達点。,,
1610,先生,が,社会課題,について,見解,を,述べる,「について」はテーマ、「を」は対象だよ。,主題＋対象。,,
1611,ぼく,は,夜,まで,勉強,を,続ける,「まで」は終わり、「を」は対象だよ。,終点＋対象。,,
1612,わたし,は,公園,で,景色,を,楽しむ,「で」は場所、「を」は対象だよ。,場所＋対象。,,
1613,ねこ,が,机,の,端,で,眠る,「の」はつながり、「で」は場所だよ。,連体修飾＋場所。,,
1614,犬,が,道,を,,,軽快に走る,「を」は通る場所だよ。,経路。,,
1615,先生,が,学生,と,課題,を,議論する,「と」は相手、「を」は対象だよ。,共同＋対象。,,
1616,ぼく,は,朝,から,運動,を,始める,「から」ははじまり、「を」は対象だよ。,起点＋対象。,,
1617,わたし,は,友達,に,助言,を,求める,「に」はあいて、「を」は対象だよ。,受け手＋対象。,,
1618,鳥,が,山,に,,,近づく,「に」は行き先だよ。,到達点。,,
1619,友達,が,家,で,計画,を,立てる,「で」は場所、「を」は対象だよ。,場所＋対象。,,
1620,先生,が,問題,を,,,分析する,「を」は対象だよ。,対格。,,
1621,ぼく,は,図書館,で,資料,を,確認する,「で」は場所、「を」は対象だよ。,場所＋対象。,,
1622,わたし,は,昼,に,昼食,を,とる,「に」は時間、「を」は対象だよ。,時間＋対象。,,
1623,ねこ,が,窓,の,外,を,見つめる,「の」はつながり、「を」は対象だよ。,連体修飾＋対象。,,
1624,犬,が,家,に,,,戻る,「に」は行き先だよ。,到達点。,,
1625,先生,が,学生,に,知識,を,教える,「に」はあいて、「を」は対象だよ。,受け手＋対象。,,
1626,ぼく,は,友達,と,考え,を,共有する,「と」は相手、「を」は対象だよ。,共同＋対象。,,
1627,わたし,は,駅,から,徒歩,で,通う,「から」ははじまり、「で」は手段だよ。,起点＋手段。,,
1628,鳥,が,川,を,,,渡る,「を」は通る場所だよ。,経路。,,
1629,友達,が,学校,で,研究,を,進める,「で」は場所、「を」は対象だよ。,場所＋対象。,,
1630,先生,が,本,の,内容,を,説明する,「の」はつながり、「を」は対象だよ。,連体修飾＋対象。,,
1631,ぼく,は,夜,に,音楽,を,聴く,「に」は時間、「を」は対象だよ。,時間＋対象。,,
1632,わたし,は,公園,で,友達,と,会話する,「で」は場所、「と」は相手だよ。,場所＋共同。,,
1633,ねこ,が,棚,の,上,で,眠る,「の」はつながり、「で」は場所だよ。,連体修飾＋場所。,,
1634,犬,が,庭,から,外,へ,走る,「から」ははじまり、「へ」は行き先だよ。,起点＋方向。,,
1635,先生,が,学生,に,課題,を,出す,「に」はあいて、「を」は対象だよ。,受け手＋対象。,,
1636,ぼく,は,朝,に,準備,を,整える,「に」は時間、「を」は対象だよ。,時間＋対象。,,
1637,わたし,は,友達,から,情報,を,得る,「から」はもと、「を」は対象だよ。,起点＋対象。,,
1638,鳥,が,空,に,,,舞い上がる,「に」は行き先だよ。,到達点。,,
1639,友達,が,教室,で,発言,を,する,「で」は場所、「を」は対象だよ。,場所＋対象。,,
1640,先生,が,歴史,について,話,を,する,「について」はテーマ、「を」は対象だよ。,主題＋対象。,,
1641,ぼく,は,家,で,映画,を,見る,「で」は場所、「を」は対象だよ。,場所＋対象。,,
1642,わたし,は,駅,へ,,,急ぐ,「へ」は方向だよ。,方向。,,
1643,ねこ,が,机,の,下,で,丸くなる,「の」はつながり、「で」は場所だよ。,連体修飾＋場所。,,
1644,犬,が,庭,から,外,へ,飛び出す,「から」ははじまり、「へ」は行き先だよ。,起点＋方向。,,
1645,先生,が,学生,に,資料,を,配る,「に」はあいて、「を」は対象だよ。,受け手＋対象。,,
1646,ぼく,は,図書館,で,資料,を,読む,「で」は場所、「を」は対象だよ。,場所＋対象。,,
1647,わたし,は,朝,に,飲み物,を,飲む,「に」は時間、「を」は対象だよ。,時間＋対象。,,
1648,鳥,が,空,を,,,飛び回る,「を」は通る場所だよ。,経路。,,
1649,友達,が,駅,で,人,を,待つ,「で」は場所、「を」は対象だよ。,場所＋対象。,,
1650,先生,が,問題,を,,,解く,「を」は対象だよ。,対格。,,
1651,ぼく,は,条件,によって,結果,を,変える,「によって」は理由、「を」は対象だよ。,条件＋対象。,,
1652,わたし,は,朝,から,活動,を,続ける,「から」ははじまり、「を」は対象だよ。,起点＋対象。,,
1653,ねこ,が,家,の,中,で,遊ぶ,「の」はつながり、「で」は場所だよ。,連体修飾＋場所。,,
1654,犬,が,飼い主,に,信頼,を,示す,「に」はあいて、「を」は対象だよ。,受け手＋対象。,,
1655,先生,が,学生,に,指示,を,出す,「に」はあいて、「を」は対象だよ。,受け手＋対象。,,
1656,ぼく,は,友達,と,計画,を,立てる,「と」は相手、「を」は対象だよ。,共同＋対象。,,
1657,わたし,は,家,から,学校,まで,通う,「から」ははじまり、「まで」はおわりだよ。,起点＋終点。,,
1658,鳥,が,空,を,,,高く飛ぶ,「を」は通る場所だよ。,経路。,,
1659,友達,が,教室,に,,,集まる,「に」は行き先だよ。,到達点。,,
1660,先生,が,自然,について,話,を,する,「について」はテーマ、「を」は対象だよ。,主題＋対象。,,
1661,ぼく,は,結果,より,努力,を,評価する,「より」はくらべる、「を」は対象だよ。,比較＋対象。,,
1662,わたし,は,昼,に,課題,を,進める,「に」は時間、「を」は対象だよ。,時間＋対象。,,
1663,ねこ,が,家,の,中,で,眠る,「の」はつながり、「で」は場所だよ。,連体修飾＋場所。,,
1664,犬,が,主人,に,関心,を,示す,「に」はあいて、「を」は対象だよ。,受け手＋対象。,,
1665,先生,が,学生,に,方法,を,説明する,「に」はあいて、「を」は対象だよ。,受け手＋対象。,,
1666,ぼく,は,友達,と,意見,を,交換する,「と」は相手、「を」は対象だよ。,共同＋対象。,,
1667,わたし,は,家,から,図書館,まで,通う,「から」ははじまり、「まで」はおわりだよ。,起点＋終点。,,
1668,鳥,が,空,を,,,滑空する,「を」は通る場所だよ。,経路。,,
1669,友達,が,部屋,に,,,入る,「に」は行き先だよ。,到達点。,,
1670,先生,が,社会問題,について,議論,を,行う,「について」はテーマ、「を」は対象だよ。,主題＋対象。,,
1671,ぼく,は,夜,まで,読書,を,続ける,「まで」は終わり、「を」は対象だよ。,終点＋対象。,,
1672,わたし,は,公園,で,風景,を,眺める,「で」は場所、「を」は対象だよ。,場所＋対象。,,
1673,ねこ,が,机,の,端,で,眠る,「の」はつながり、「で」は場所だよ。,連体修飾＋場所。,,
1674,犬,が,道,を,,,歩き回る,「を」は通る場所だよ。,経路。,,
1675,先生,が,学生,と,意見,を,共有する,「と」は相手、「を」は対象だよ。,共同＋対象。,,
1676,ぼく,は,朝,から,勉強,を,続ける,「から」ははじまり、「を」は対象だよ。,起点＋対象。,,
1677,わたし,は,友達,に,質問,を,する,「に」はあいて、「を」は対象だよ。,受け手＋対象。,,
1678,鳥,が,山,に,,,飛ぶ,「に」は行き先だよ。,到達点。,,
1679,友達,が,家,で,準備,を,整える,「で」は場所、「を」は対象だよ。,場所＋対象。,,
1680,先生,が,問題,を,,,説明する,「を」は対象だよ。,対格。,,
1681,ぼく,は,図書館,で,資料,を,確認する,「で」は場所、「を」は対象だよ。,場所＋対象。,,
1682,わたし,は,昼,に,食事,を,取る,「に」は時間、「を」は対象だよ。,時間＋対象。,,
1683,ねこ,が,窓,の,外,を,観察する,「の」はつながり、「を」は対象だよ。,連体修飾＋対象。,,
1684,犬,が,家,に,,,帰る,「に」は行き先だよ。,到達点。,,
1685,先生,が,学生,に,知識,を,伝える,「に」はあいて、「を」は対象だよ。,受け手＋対象。,,
1686,ぼく,は,友達,と,議題,を,検討する,「と」は相手、「を」は対象だよ。,共同＋対象。,,
1687,わたし,は,駅,から,電車,で,通う,「から」ははじまり、「で」は手段だよ。,起点＋手段。,,
1688,鳥,が,川,を,,,渡る,「を」は通る場所だよ。,経路。,,
1689,友達,が,学校,で,活動,を,進める,「で」は場所、「を」は対象だよ。,場所＋対象。,,
1690,先生,が,本,の,内容,を,説明する,「の」はつながり、「を」は対象だよ。,連体修飾＋対象。,,
1691,ぼく,は,夜,に,音楽,を,楽しむ,「に」は時間、「を」は対象だよ。,時間＋対象。,,
1692,わたし,は,公園,で,友達,と,会話する,「で」は場所、「と」は相手だよ。,場所＋共同。,,
1693,ねこ,が,棚,の,上,で,眠る,「の」はつながり、「で」は場所だよ。,連体修飾＋場所。,,
1694,犬,が,庭,から,外,へ,出る,「から」ははじまり、「へ」は行き先だよ。,起点＋方向。,,
1695,先生,が,学生,に,課題,を,出す,「に」はあいて、「を」は対象だよ。,受け手＋対象。,,
1696,ぼく,は,朝,に,準備,を,進める,「に」は時間、「を」は対象だよ。,時間＋対象。,,
1697,わたし,は,友達,から,情報,を,得る,「から」はもと、「を」は対象だよ。,起点＋対象。,,
1698,鳥,が,空,に,,,飛び立つ,「に」は行き先だよ。,到達点。,,
1699,友達,が,教室,で,発言,を,する,「で」は場所、「を」は対象だよ。,場所＋対象。,,
1700,先生,が,歴史,について,話,を,する,「について」はテーマ、「を」は対象だよ。,主題＋対象。,,
1701,ぼく,は,事実,から,結論,を,導く,「から」はもと、「を」は対象だよ。,根拠＋対象。,,
1702,わたし,は,朝,に,日程,を,確認する,「に」は時間、「を」は対象だよ。,時間＋対象。,,
1703,ねこ,が,家,の,そば,で,くつろぐ,「の」はつながり、「で」は場所だよ。,連体修飾＋場所。,,
1704,犬,が,飼い主,に,忠誠心,を,示す,「に」はあいて、「を」は対象だよ。,受け手＋対象。,,
1705,先生,が,学生,に,指針,を,示す,「に」はあいて、「を」は対象だよ。,受け手＋対象。,,
1706,ぼく,は,友達,と,見解,を,統合する,「と」は相手、「を」は対象だよ。,共同＋対象。,,
1707,わたし,は,家,から,大学,まで,通う,「から」ははじまり、「まで」はおわりだよ。,起点＋終点。,,
1708,鳥,が,空,を,,,旋回する,「を」は通る場所だよ。,経路。,,
1709,友達,が,教室,に,,,入り込む,「に」は行き先だよ。,到達点。,,
1710,先生,が,社会問題,について,見解,を,述べる,「について」はテーマ、「を」は対象だよ。,主題＋対象。,,
1711,ぼく,は,夜,まで,作業,を,持続する,「まで」は終わり、「を」は対象だよ。,終点＋対象。,,
1712,わたし,は,公園,で,自然,を,観察する,「で」は場所、「を」は対象だよ。,場所＋対象。,,
1713,ねこ,が,机,の,端,で,眠る,「の」はつながり、「で」は場所だよ。,連体修飾＋場所。,,
1714,犬,が,道,を,,,駆け抜ける,「を」は通る場所だよ。,経路。,,
1715,先生,が,学生,と,課題,を,検討する,「と」は相手、「を」は対象だよ。,共同＋対象。,,
1716,ぼく,は,朝,から,活動,を,開始する,「から」ははじまり、「を」は対象だよ。,起点＋対象。,,
1717,わたし,は,友達,に,助言,を,求める,「に」はあいて、「を」は対象だよ。,受け手＋対象。,,
1718,鳥,が,山,に,,,接近する,「に」は行き先だよ。,到達点。,,
1719,友達,が,家,で,計画,を,立てる,「で」は場所、「を」は対象だよ。,場所＋対象。,,
1720,先生,が,問題,を,,,分析する,「を」は対象だよ。,対格。,,
1721,ぼく,は,図書館,で,資料,を,精査する,「で」は場所、「を」は対象だよ。,場所＋対象。,,
1722,わたし,は,昼,に,昼食,を,取る,「に」は時間、「を」は対象だよ。,時間＋対象。,,
1723,ねこ,が,窓,の,外,を,見つめる,「の」はつながり、「を」は対象だよ。,連体修飾＋対象。,,
1724,犬,が,家,に,,,帰る,「に」は行き先だよ。,到達点。,,
1725,先生,が,学生,に,知識,を,伝達する,「に」はあいて、「を」は対象だよ。,受け手＋対象。,,
1726,ぼく,は,友達,と,考え,を,共有する,「と」は相手、「を」は対象だよ。,共同＋対象。,,
1727,わたし,は,駅,から,徒歩,で,通う,「から」ははじまり、「で」は手段だよ。,起点＋手段。,,
1728,鳥,が,川,を,,,横断する,「を」は通る場所だよ。,経路。,,
1729,友達,が,学校,で,研究,を,進行する,「で」は場所、「を」は対象だよ。,場所＋対象。,,
1730,先生,が,本,の,内容,を,要約する,「の」はつながり、「を」は対象だよ。,連体修飾＋対象。,,
1731,ぼく,は,夜,に,音楽,を,楽しむ,「に」は時間、「を」は対象だよ。,時間＋対象。,,
1732,わたし,は,公園,で,友達,と,議論する,「で」は場所、「と」は相手だよ。,場所＋共同。,,
1733,ねこ,が,棚,の,上,で,眠る,「の」はつながり、「で」は場所だよ。,連体修飾＋場所。,,
1734,犬,が,庭,から,外,へ,飛び出す,「から」ははじまり、「へ」は行き先だよ。,起点＋方向。,,
1735,先生,が,学生,に,課題,を,提示する,「に」はあいて、「を」は対象だよ。,受け手＋対象。,,
1736,ぼく,は,朝,に,準備,を,整える,「に」は時間、「を」は対象だよ。,時間＋対象。,,
1737,わたし,は,友達,から,情報,を,得る,「から」はもと、「を」は対象だよ。,起点＋対象。,,
1738,鳥,が,空,に,,,舞い上がる,「に」は行き先だよ。,到達点。,,
1739,友達,が,教室,で,発言,を,行う,「で」は場所、「を」は対象だよ。,場所＋対象。,,
1740,先生,が,歴史,について,説明,を,する,「について」はテーマ、「を」は対象だよ。,主題＋対象。,,
1741,ぼく,は,家,で,映画,を,鑑賞する,「で」は場所、「を」は対象だよ。,場所＋対象。,,
1742,わたし,は,駅,へ,,,急ぐ,「へ」は方向だよ。,方向。,,
1743,ねこ,が,机,の,下,で,丸くなる,「の」はつながり、「で」は場所だよ。,連体修飾＋場所。,,
1744,犬,が,庭,から,外,へ,走る,「から」ははじまり、「へ」は行き先だよ。,起点＋方向。,,
1745,先生,が,学生,に,資料,を,配布する,「に」はあいて、「を」は対象だよ。,受け手＋対象。,,
1746,ぼく,は,図書館,で,資料,を,確認する,「で」は場所、「を」は対象だよ。,場所＋対象。,,
1747,わたし,は,朝,に,飲料,を,飲む,「に」は時間、「を」は対象だよ。,時間＋対象。,,
1748,鳥,が,空,を,,,飛び回る,「を」は通る場所だよ。,経路。,,
1749,友達,が,駅,で,人,を,待つ,「で」は場所、「を」は対象だよ。,場所＋対象。,,
1750,先生,が,問題,を,,,解決する,「を」は対象だよ。,対格。,,
1751,ぼく,は,条件,によって,結果,を,左右する,「によって」は理由、「を」は対象だよ。,条件＋対象。,,
1752,わたし,は,朝,から,活動,を,続ける,「から」ははじまり、「を」は対象だよ。,起点＋対象。,,
1753,ねこ,が,家,の,間,で,遊ぶ,「の」はつながり、「で」は場所だよ。,連体修飾＋場所。,,
1754,犬,が,飼い主,に,信頼,を,寄せる,「に」はあいて、「を」は対象だよ。,受け手＋対象。,,
1755,先生,が,学生,に,指示,を,与える,「に」はあいて、「を」は対象だよ。,受け手＋対象。,,
1756,ぼく,は,友達,と,戦略,を,構築する,「と」は相手、「を」は対象だよ。,共同＋対象。,,
1757,わたし,は,家,から,学校,まで,通う,「から」ははじまり、「まで」はおわりだよ。,起点＋終点。,,
1758,鳥,が,空,を,,,高く舞う,「を」は通る場所だよ。,経路。,,
1759,友達,が,教室,に,,,集まる,「に」は行き先だよ。,到達点。,,
1760,先生,が,自然,について,解説,を,行う,「について」はテーマ、「を」は対象だよ。,主題＋対象。,,
1761,ぼく,は,結果,より,過程,を,評価する,「より」はくらべる、「を」は対象だよ。,比較＋対象。,,
1762,わたし,は,昼,に,課題,を,進める,「に」は時間、「を」は対象だよ。,時間＋対象。,,
1763,ねこ,が,木,の,上,で,眠る,「の」はつながり、「で」は場所だよ。,連体修飾＋場所。,,
1764,犬,が,主人,に,興味,を,示す,「に」はあいて、「を」は対象だよ。,受け手＋対象。,,
1765,先生,が,学生,に,方法,を,教える,「に」はあいて、「を」は対象だよ。,受け手＋対象。,,
1766,ぼく,は,友達,と,意見,を,交換する,「と」は相手、「を」は対象だよ。,共同＋対象。,,
1767,わたし,は,家,から,図書館,まで,通う,「から」ははじまり、「まで」はおわりだよ。,起点＋終点。,,
1768,鳥,が,空,を,,,滑空する,「を」は通る場所だよ。,経路。,,
1769,友達,が,部屋,に,,,入る,「に」は行き先だよ。,到達点。,,
1770,先生,が,社会問題,について,議論,を,行う,「について」はテーマ、「を」は対象だよ。,主題＋対象。,,
1771,ぼく,は,夜,まで,読書,を,続ける,「まで」は終わり、「を」は対象だよ。,終点＋対象。,,
1772,わたし,は,公園,で,風景,を,眺める,「で」は場所、「を」は対象だよ。,場所＋対象。,,
1773,ねこ,が,机,の,端,で,眠る,「の」はつながり、「で」は場所だよ。,連体修飾＋場所。,,
1774,犬,が,道,を,,,歩き回る,「を」は通る場所だよ。,経路。,,
1775,先生,が,学生,と,意見,を,共有する,「と」は相手、「を」は対象だよ。,共同＋対象。,,
1776,ぼく,は,朝,から,勉強,を,続ける,「から」ははじまり、「を」は対象だよ。,起点＋対象。,,
1777,わたし,は,友達,に,質問,を,する,「に」はあいて、「を」は対象だよ。,受け手＋対象。,,
1778,鳥,が,山,に,,,飛ぶ,「に」は行き先だよ。,到達点。,,
1779,友達,が,家,で,準備,を,整える,「で」は場所、「を」は対象だよ。,場所＋対象。,,
1780,先生,が,問題,を,,,説明する,「を」は対象だよ。,対格。,,
1781,ぼく,は,図書館,で,資料,を,確認する,「で」は場所、「を」は対象だよ。,場所＋対象。,,
1782,わたし,は,昼,に,食事,を,取る,「に」は時間、「を」は対象だよ。,時間＋対象。,,
1783,ねこ,が,窓,の,外,を,観察する,「の」はつながり、「を」は対象だよ。,連体修飾＋対象。,,
1784,犬,が,家,に,,,帰る,「に」は行き先だよ。,到達点。,,
1785,先生,が,学生,に,知識,を,伝える,「に」はあいて、「を」は対象だよ。,受け手＋対象。,,
1786,ぼく,は,友達,と,議題,を,検討する,「と」は相手、「を」は対象だよ。,共同＋対象。,,
1787,わたし,は,駅,から,電車,で,通う,「から」ははじまり、「で」は手段だよ。,起点＋手段。,,
1788,鳥,が,川,を,,,渡る,「を」は通る場所だよ。,経路。,,
1789,友達,が,学校,で,活動,を,進める,「で」は場所、「を」は対象だよ。,場所＋対象。,,
1790,先生,が,本,の,内容,を,説明する,「の」はつながり、「を」は対象だよ。,連体修飾＋対象。,,
1791,ぼく,は,夜,に,音楽,を,楽しむ,「に」は時間、「を」は対象だよ。,時間＋対象。,,
1792,わたし,は,公園,で,友達,と,会話する,「で」は場所、「と」は相手だよ。,場所＋共同。,,
1793,ねこ,が,棚,の,上,で,眠る,「の」はつながり、「で」は場所だよ。,連体修飾＋場所。,,
1794,犬,が,庭,から,外,へ,出る,「から」ははじまり、「へ」は行き先だよ。,起点＋方向。,,
1795,先生,が,学生,に,課題,を,出す,「に」はあいて、「を」は対象だよ。,受け手＋対象。,,
1796,ぼく,は,朝,に,準備,を,進める,「に」は時間、「を」は対象だよ。,時間＋対象。,,
1797,わたし,は,友達,から,情報,を,得る,「から」はもと、「を」は対象だよ。,起点＋対象。,,
1798,鳥,が,空,に,,,飛び立つ,「に」は行き先だよ。,到達点。,,
1799,友達,が,教室,で,発言,を,する,「で」は場所、「を」は対象だよ。,場所＋対象。,,
1800,先生,が,歴史,について,話,を,する,「について」はテーマ、「を」は対象だよ。,主題＋対象。,,
1801,ぼく,は,努力,によって,成果,を,高める,「によって」は理由、「を」は対象だよ。,手段・原因＋対象。,,
1802,わたし,は,経験,から,知識,を,深める,「から」はもと、「を」は対象だよ。,起点＋対象。,,
1803,ねこ,が,家具,の,すき間,で,身を隠す,「の」はつながり、「で」は場所だよ。,連体修飾＋場所。,,
1804,犬,が,音,に,敏感,に,反応する,「に」はきっかけだよ。,刺激対象。,,
1805,先生,が,課題,について,具体例,を,示す,「について」はテーマ、「を」は対象だよ。,主題＋対象。,,
1806,ぼく,は,友達,と,役割,を,分担する,「と」は相手、「を」は対象だよ。,共同＋対象。,,
1807,わたし,は,駅,から,会社,まで,移動する,「から」ははじまり、「まで」は終わりだよ。,起点＋終点。,,
1808,鳥,が,湖,の,上,を,滑るように飛ぶ,「の」はつながり、「を」は通る場所だよ。,連体＋経路。,,
1809,友達,が,会場,へ,,,急ぐ,「へ」は方向だよ。,方向。,,
1810,先生,が,理論,に,基づいて,,説明する,「に」は基準だよ。,基準・根拠。,,
1811,ぼく,は,問題,に対して,解決策,を,考える,「に対して」は対象だよ。,対象＋対応。,,
1812,わたし,は,結果,より,過程,を,評価する,「より」はくらべるよ。,比較構文。,,
1813,ねこ,が,棚,の,中,で,静かに眠る,「の」はつながり、「で」は場所だよ。,連体修飾＋場所。,,
1814,犬,が,主人,の,声,に,反応する,「の」はつながり、「に」は対象だよ。,所有＋対象。,,
1815,先生,が,学生,に,視点,を,提供する,「に」はあいて、「を」は対象だよ。,受け手＋対象。,,
1816,ぼく,は,資料,から,結論,を,出す,「をもとに」は基準だよ。,根拠構文。,,
1817,わたし,は,朝,から,夜,まで,活動する,「から」は始まり、「まで」は終わりだよ。,起点＋終点。,,
1818,鳥,が,風,に,逆らって,,飛ぶ,「に」は対象だよ。,対象。,,
1819,友達,が,会議,で,意見,を,述べる,「で」は場所、「を」は対象だよ。,場所＋対象。,,
1820,先生,が,問題,を通して,理解,を,深める,「を通して」は手段だよ。,媒介手段。,,
1821,ぼく,は,状況,に応じて,対応,を,変える,「に応じて」は条件だよ。,条件。,,
1822,わたし,は,努力,の,結果,を,実感する,「の」はつながり、「を」は対象だよ。,連体＋対象。,,
1823,ねこ,が,窓,から,外,を,のぞく,「から」は起点、「を」は対象だよ。,起点＋対象。,,
1824,犬,が,庭,で,砂,を,掘る,「で」は場所、「を」は対象だよ。,場所＋対象。,,
1825,先生,が,学生,と,視点,を,共有する,「と」は相手だよ。,共同。,,
1826,ぼく,は,情報,に基づいて,判断,を,行う,「に基づいて」は根拠だよ。,根拠。,,
1827,わたし,は,都市,と,地方,を,比較する,「と」は比較対象だよ。,比較。,,
1828,鳥,が,空,に向かって,,,上昇する,「に向かって」は方向だよ。,方向。,,
1829,友達,が,家,で,料理,を,作る,「で」は場所、「を」は対象だよ。,場所＋対象。,,
1830,先生,が,文章,から,考え,を,伝える,「から」は手段だよ。,媒介。,,
1831,ぼく,は,結果,として,成功,を,得る,「として」は立場だよ。,結果・立場。,,
1832,わたし,は,計画,に沿って,行動,を,進める,「に沿って」は基準だよ。,基準。,,
1833,ねこ,が,箱,の,中,で,丸くなる,「の」はつながり、「で」は場所だよ。,連体＋場所。,,
1834,犬,が,音,に対して,,,吠える,「に対して」は対象だよ。,対象。,,
1835,先生,が,学生,に対して,評価,を,行う,「に対して」は対象だよ。,対象。,,
1836,ぼく,は,目的,のために,努力,を,続ける,「のために」は目的だよ。,目的。,,
1837,わたし,は,朝,と,夜,に,遊ぶ,「と」は比較だよ。,対比。,,
1838,鳥,が,空,を横切って,,,飛ぶ,「を」は通る場所だよ。,経路。,,
1839,友達,が,公園,で,遊び,を,楽しむ,「で」は場所、「を」は対象だよ。,場所＋対象。,,
1840,先生,が,事例,を用いて,説明,を,行う,「を用いて」は手段だよ。,手段。,,
1841,ぼく,は,状況,に応じて,行動,を,変化させる,「に応じて」はそのときに合わせる意味だよ。,条件依存。,,
1842,わたし,は,結果,から,原因,を,推測する,「から」はもと、「を」は対象だよ。,因果推論。,,
1843,ねこ,が,椅子,の,足元,で,くつろぐ,「の」はつながり、「で」は場所だよ。,連体修飾＋場所。,,
1844,犬,が,匂い,に,強く,,反応する,「に」はきっかけだよ。,刺激対象。,,
1845,先生,が,テーマ,について,意見,を,述べる,「について」はテーマだよ。,主題提示。,,
1846,ぼく,は,友達,と,役割,を,調整する,「と」は相手、「を」は対象だよ。,共同＋対象。,,
1847,わたし,は,家,から,駅,まで,歩く,「から」ははじまり、「まで」は終わりだよ。,起点終点。,,
1848,鳥,が,海,の,上,を,低く飛ぶ,「の」はつながり、「を」は通る場所だよ。,連体＋経路。,,
1849,友達,が,会場,へ,,,向かう,「へ」は方向だよ。,方向。,,
1850,先生,が,事例,に基づいて,,,説明する,「に基づいて」は根拠だよ。,根拠提示。,,
1851,ぼく,は,課題,に対して,対策,を,考える,「に対して」は対象だよ。,対象設定。,,
1852,わたし,は,努力,より,成果,を,重視する,「より」はくらべるよ。,比較。,,
1853,ねこ,が,箱,の,隅,で,眠る,「の」はつながり、「で」は場所だよ。,連体＋場所。,,
1854,犬,が,音,に対して,,,警戒する,「に対して」は対象だよ。,対象。,,
1855,先生,が,学生,に,助言,を,与える,「に」はあいてだよ。,受け手。,,
1856,ぼく,は,資料,をもとに,分析,を,進める,「をもとに」は根拠だよ。,基準。,,
1857,わたし,は,朝,から,夕方,まで,働く,「から」は始まり、「まで」は終わりだよ。,時間範囲。,,
1858,鳥,が,風,に,逆らって,,飛び続ける,「に」は対象だよ。,対象。,,
1859,友達,が,会議,で,発表,を,行う,「で」は場所だよ。,場所。,,
1860,先生,が,課題,を通して,理解,を,深める,「を通して」は手段だよ。,媒介。,,
1861,ぼく,は,条件,に応じて,戦略,を,変える,「に応じて」は条件だよ。,条件。,,
1862,わたし,は,結果,の,違い,を,比較する,「の」はつながりだよ。,連体。,,
1863,ねこ,が,窓,から,外,を,見渡す,「から」は起点、「を」は対象だよ。,起点。,,
1864,犬,が,庭,で,穴,を,掘る,「で」は場所、「を」は対象だよ。,場所。,,
1865,先生,が,学生,と,課題,を,共有する,「と」は相手だよ。,共同。,,
1866,ぼく,は,情報,に基づいて,判断,を,行う,「に基づいて」は根拠だよ。,根拠。,,
1867,わたし,は,都市,と,農村,を,比較する,「と」は比較だよ。,比較。,,
1868,鳥,が,空,に向かって,,,飛び上がる,「に向かって」は方向だよ。,方向。,,
1869,友達,が,家,で,料理,を,楽しむ,「で」は場所だよ。,場所。,,
1870,先生,が,文章,を通じて,考え,を,伝える,「を通じて」は手段だよ。,媒介。,,
1871,ぼく,は,結果,として,成功,を,収める,「として」は結果だよ。,結果。,,
1872,わたし,は,計画,に沿って,行動,を,進める,「に沿って」は基準だよ。,基準。,,
1873,ねこ,が,棚,の,中,で,静かに眠る,「の」はつながり、「で」は場所だよ。,連体。,,
1874,犬,が,音,に対して,,,反応する,「に対して」は対象だよ。,対象。,,
1875,先生,が,学生,に対して,評価,を,下す,「に対して」は対象だよ。,対象。,,
1876,ぼく,は,目的,のために,努力,を,重ねる,「のために」は目的だよ。,目的。,,
1877,わたし,は,トマト,と,肉,が,好き,「と」は比較だよ。,対比。,,
1878,鳥,が,空,を横切って,,,飛ぶ,「を」は通る場所だよ。,経路。,,
1879,友達,が,公園,で,活動,を,行う,「で」は場所だよ。,場所。,,
1880,先生,が,例,を用いて,説明,を,行う,「を用いて」は手段だよ。,手段。,,
1881,ぼく,は,経験,から,教訓,を,導く,「から」はもとだよ。,起点。,,
1882,わたし,は,理由,によって,判断,を,変える,「によって」は原因だよ。,原因。,,
1883,ねこ,が,布団,の,中,で,眠る,「の」はつながりだよ。,連体。,,
1884,犬,が,来客,に,,,吠える,「に」は対象だよ。,対象。,,
1885,先生,が,学生,に,問題,を,出す,「に」はあいてだよ。,受け手。,,
1886,ぼく,は,友達,と,目標,を,共有する,「と」は相手だよ。,共同。,,
1887,わたし,は,駅,から,家,まで,帰る,「から」ははじまり、「まで」は終わりだよ。,範囲。,,
1888,鳥,が,空,を,円,を,描くように飛ぶ,「を」は通る場所だよ。,経路。,,
1889,友達,が,教室,に,,,入る,「に」は行き先だよ。,到達。,,
1890,先生,が,文化,について,説明,を,する,「について」はテーマだよ。,主題。,,
1891,ぼく,は,夜,まで,作業,を,続ける,「まで」は終わりだよ。,終点。,,
1892,わたし,は,公園,で,景色,を,眺める,「で」は場所だよ。,場所。,,
1893,ねこ,が,机,の,上,で,くつろぐ,「の」はつながりだよ。,連体。,,
1894,犬,が,道,を,,,走る,「を」は通る場所だよ。,経路。,,
1895,先生,が,学生,と,議論,を,行う,「と」は相手だよ。,共同。,,
1896,ぼく,は,朝,から,勉強,を,始める,「から」ははじまりだよ。,起点。,,
1897,わたし,は,友達,に,連絡,を,する,「に」はあいてだよ。,受け手。,,
1898,鳥,が,山,に,,,向かう,「に」は行き先だよ。,到達。,,
1899,友達,が,家,で,準備,を,する,「で」は場所だよ。,場所。,,
1900,先生,が,歴史,について,話,を,する,「について」はテーマだよ。,主題。,,
1901,ぼく,は,事実,から,仮説,を,立てる,「から」はもと、「を」は対象だよ。,起点＋対象。,,
1902,わたし,は,朝,に,予定,を,立てる,「に」は時間、「を」は対象だよ。,時間＋対象。,,
1903,ねこ,が,床,の,すみ,で,丸くなる,「の」はつながり、「で」は場所だよ。,連体＋場所。,,
1904,犬,が,音,に,敏感,に,反応する,「に」はきっかけだよ。,刺激対象。,,
1905,先生,が,課題,について,要点,を,説明する,「について」はテーマだよ。,主題＋対象。,,
1906,ぼく,は,友達,と,計画,を,練る,「と」は相手、「を」は対象だよ。,共同＋対象。,,
1907,わたし,は,家,から,駅,まで,歩く,「から」ははじまり、「まで」は終わりだよ。,起点終点。,,
1908,鳥,が,空,の,広がり,を,自由に飛ぶ,「の」はつながり、「を」は対象だよ。,連体＋対象。,,
1909,友達,が,会場,へ,,,向かう,「へ」は方向だよ。,方向。,,
1910,先生,が,理論,に基づいて,,,説明する,「に基づいて」は根拠だよ。,根拠。,,
1911,ぼく,は,問題,に対して,解決策,を,考える,「に対して」は対象だよ。,対象。,,
1912,わたし,は,結果,より,過程,を,重視する,「より」は比較だよ。,比較。,,
1913,ねこ,が,棚,の,上,で,眠る,「の」はつながり、「で」は場所だよ。,連体＋場所。,,
1914,犬,が,主人,の,声,に,反応する,「の」はつながり、「に」は対象だよ。,所有＋対象。,,
1915,先生,が,学生,に,知識,を,伝える,「に」はあいて、「を」は対象だよ。,受け手。,,
1916,ぼく,は,資料,をもとに,結論,を,導く,「をもとに」は根拠だよ。,基準。,,
1917,わたし,は,朝,から,夜,まで,働く,「から」は始まり、「まで」は終わりだよ。,時間範囲。,,
1918,鳥,が,風,に,逆らって,,飛ぶ,「に」は対象だよ。,対象。,,
1919,友達,が,会議,で,意見,を,述べる,「で」は場所だよ。,場所。,,
1920,先生,が,問題,を通して,理解,を,深める,「を通して」は手段だよ。,媒介。,,
1921,ぼく,は,状況,に応じて,判断,を,変える,「に応じて」は条件だよ。,条件。,,
1922,わたし,は,成果,の,違い,を,比較する,「の」はつながりだよ。,連体。,,
1923,ねこ,が,窓,から,外,を,眺める,「から」は起点、「を」は対象だよ。,起点。,,
1924,犬,が,庭,で,土,を,掘る,「で」は場所だよ。,場所。,,
1925,先生,が,学生,と,意見,を,共有する,「と」は相手だよ。,共同。,,
1926,ぼく,は,情報,に基づいて,判断,を,下す,「に基づいて」は根拠だよ。,根拠。,,
1927,わたし,は,都市,と,農村,を,比較する,「と」は比較だよ。,比較。,,
1928,鳥,が,空,に向かって,,,上昇する,「に向かって」は方向だよ。,方向。,,
1929,友達,が,家,で,料理,を,作る,「で」は場所だよ。,場所。,,
1930,先生,が,文章,を通じて,考え,を,伝える,「を通じて」は手段だよ。,媒介。,,
1931,ぼく,は,結果,として,成功,を,収める,「として」は結果だよ。,結果。,,
1932,わたし,は,計画,に沿って,行動,を,進める,「に沿って」は基準だよ。,基準。,,
1933,ねこ,が,箱,の,中,で,眠る,「の」はつながり、「で」は場所だよ。,連体。,,
1934,犬,が,音,に対して,,,反応する,「に対して」は対象だよ。,対象。,,
1935,先生,が,学生,に対して,評価,を,行う,「に対して」は対象だよ。,対象。,,
1936,ぼく,は,目的,のために,努力,を,続ける,「のために」は目的だよ。,目的。,,
1937,わたし,は,犬,と,ねこ,が,好きだ,「と」は比較だよ。,対比。,,
1938,鳥,が,空,を横切って,,,飛ぶ,「を」は通る場所だよ。,経路。,,
1939,友達,が,公園,で,活動,を,行う,「で」は場所だよ。,場所。,,
1940,先生,が,例,を用いて,説明,を,行う,「を用いて」は手段だよ。,手段。,,
1941,ぼく,は,経験,から,知恵,を,得る,「から」はもとだよ。,起点。,,
1942,わたし,は,理由,によって,判断,を,変える,「によって」は原因だよ。,原因。,,
1943,ねこ,が,布団,の,中,で,眠る,「の」はつながりだよ。,連体。,,
1944,犬,が,来客,に,,,吠える,「に」は対象だよ。,対象。,,
1945,先生,が,学生,に,課題,を,出す,「に」はあいてだよ。,受け手。,,
1946,ぼく,は,友達,と,目標,を,共有する,「と」は相手だよ。,共同。,,
1947,わたし,は,駅,から,家,まで,帰る,「から」ははじまり、「まで」は終わりだよ。,範囲。,,
1948,鳥,が,空,を,円,を,描くように飛ぶ,「を」は通る場所だよ。,経路。,,
1949,友達,が,教室,に,,,入る,「に」は行き先だよ。,到達。,,
1950,先生,が,文化,について,説明,を,する,「について」はテーマだよ。,主題。,,
1951,ぼく,は,夜,まで,作業,を,続ける,「まで」は終わりだよ。,終点。,,
1952,わたし,は,公園,で,景色,を,眺める,「で」は場所だよ。,場所。,,
1953,ねこ,が,机,の,上,で,くつろぐ,「の」はつながりだよ。,連体。,,
1954,犬,が,道,を,,,走る,「を」は通る場所だよ。,経路。,,
1955,先生,が,学生,と,議論,を,行う,「と」は相手だよ。,共同。,,
1956,ぼく,は,朝,から,勉強,を,始める,「から」ははじまりだよ。,起点。,,
1957,わたし,は,友達,に,連絡,を,する,「に」はあいてだよ。,受け手。,,
1958,鳥,が,山,に,,,向かう,「に」は行き先だよ。,到達。,,
1959,友達,が,家,で,準備,を,する,「で」は場所だよ。,場所。,,
1960,先生,が,歴史,について,話,を,する,「について」はテーマだよ。,主題。,,
1961,ぼく,は,結果,に応じて,対応,を,変える,「に応じて」は条件だよ。,条件。,,
1962,わたし,は,努力,の,成果,を,評価する,「の」はつながりだよ。,連体。,,
1963,ねこ,が,窓,から,外,を,見る,「から」は起点だよ。,起点。,,
1964,犬,が,庭,で,遊び,を,楽しむ,「で」は場所だよ。,場所。,,
1965,先生,が,学生,と,意見,を,交換する,「と」は相手だよ。,共同。,,
1966,ぼく,は,情報,をもとに,判断,を,行う,「をもとに」は根拠だよ。,根拠。,,
1967,わたし,は,都市,と,地方,を,比較する,「と」は比較だよ。,比較。,,
1968,鳥,が,空,に向かって,,,飛ぶ,「に向かって」は方向だよ。,方向。,,
1969,友達,が,家,で,食事,を,する,「で」は場所だよ。,場所。,,
1970,先生,が,文章,を通じて,知識,を,伝える,「を通じて」は手段だよ。,媒介。,,
1971,ぼく,は,結果,として,評価,を,受ける,「として」は結果だよ。,結果。,,
1972,わたし,は,計画,に沿って,作業,を,進める,「に沿って」は基準だよ。,基準。,,
1973,ねこ,が,箱,の,中,で,休む,「の」はつながりだよ。,連体。,,
1974,犬,が,音,に対して,,,吠える,「に対して」は対象だよ。,対象。,,
1975,先生,が,学生,に対して,指導,を,行う,「に対して」は対象だよ。,対象。,,
1976,ぼく,は,目的,のために,努力,を,続ける,「のために」は目的だよ。,目的。,,
1977,わたし,は,朝,と,夜,で,行動,を,変える,「と」は比較だよ。,対比。
1978,鳥,が,空,を横切る,飛行,を,する,「を」は通る場所だよ。,経路。,,
1979,友達,が,公園,で,運動,を,する,「で」は場所だよ。,場所。,,
1980,先生,が,例,を用いて,説明,を,行う,「を用いて」は手段だよ。,手段。,,
1981,ぼく,は,経験,から,学び,を,得る,「から」はもとだよ。,起点。,,
1982,わたし,は,理由,によって,行動,を,変える,「によって」は原因だよ。,原因。,,
1983,ねこ,が,布団,の,中,で,眠る,「の」はつながりだよ。,連体。,,
1984,犬,が,来客,に,,,吠える,「に」は対象だよ。,対象。,,
1985,先生,が,学生,に,宿題,を,出す,「に」はあいてだよ。,受け手。,,
1986,ぼく,は,友達,と,計画,を,共有する,「と」は相手だよ。,共同。,,
1987,わたし,は,駅,から,家,まで,帰宅する,「から」ははじまりだよ。,起点。,,
1988,鳥,が,空,を,自由,に,飛ぶ,「を」は通る場所だよ。,経路。,,
1989,友達,が,教室,に,,,入室する,「に」は行き先だよ。,到達。,,
1990,先生,が,文化,について,説明,を,行う,「について」はテーマだよ。,主題。,,
1991,ぼく,は,夜,まで,勉強,を,続ける,「まで」は終わりだよ。,終点。,,
1992,わたし,は,公園,で,風景,を,楽しむ,「で」は場所だよ。,場所。,,
1993,ねこ,が,机,の,上,で,眠る,「の」はつながりだよ。,連体。,,
1994,犬,が,道,を,,,走り回る,「を」は通る場所だよ。,経路。,,
1995,先生,が,学生,と,議論,を,深める,「と」は相手だよ。,共同。,,
1996,ぼく,は,朝,から,活動,を,始める,「から」ははじまりだよ。,起点。,,
1997,わたし,は,友達,に,連絡,を,送る,「に」はあいてだよ。,受け手。,,
1998,鳥,が,山,に,,,飛ぶ,「に」は行き先だよ。,到達。,,
1999,友達,が,家,で,準備,を,進める,「で」は場所だよ。,場所。,,
2000,ぼく,は,博物館,で,展示,を,見る,「で」は場所、「を」は対象だよ。,場所＋対象。,,
2001,わたし,は,美術館,で,絵,を,見る,「で」は場所、「を」は対象だよ。,場所＋対象。,,
2002,ぼく,は,水族館,で,魚,を,観察する,「で」は場所、「を」は対象だよ。,場所＋対象。,,
2003,わたし,は,動物園,で,動物,を,見る,「で」は場所だよ。,場所。,,
2004,ぼく,は,遊園地,で,ジェットコースター,に,乗る,「で」は場所、「に」は対象だよ。,場所＋対象。,,
2005,わたし,は,ライブ,で,音楽,を,聞く,「で」は場所、「を」は対象だよ。,場所＋対象。,,
2006,ぼく,は,映画館,で,映画,を,見る,「で」は場所だよ。,場所。,,
2007,わたし,は,体育館,で,バスケットボール,を,する,「で」は場所だよ。,場所。,,
2008,ぼく,は,海,で,泳ぎ,を,楽しむ,「で」は場所だよ。,場所。,,
2009,わたし,は,山,で,景色,を,見る,「で」は場所だよ。,場所。,,
2010,ぼく,は,カフェ,で,コーヒー,を,飲む,「で」は場所だよ。,場所。,,
2011,わたし,は,商店街,で,買い物,を,する,「で」は場所だよ。,場所。,,
2012,ぼく,は,神社,で,お参り,を,する,「で」は場所だよ。,場所。,,
2013,わたし,は,学校,で,友達,と,話す,「で」は場所、「と」は相手だよ。,場所＋共同。,,
2014,ぼく,は,教室,で,勉強,を,する,「で」は場所だよ。,場所。,,
2015,わたし,は,公園,で,犬,と,遊ぶ,「で」は場所、「と」は相手だよ。,場所＋共同。,,
2016,ぼく,は,家,で,テレビ,を,見る,「で」は場所だよ。,場所。,,
2017,わたし,は,駅,で,電車,を,待つ,「で」は場所だよ。,場所。,,
2018,ぼく,は,図書館,で,本,を,読む,「で」は場所だよ。,場所。,,
2019,わたし,は,広場,で,イベント,を,楽しむ,「で」は場所だよ。,場所。,,
2020,ぼく,は,遊園地,で,友達,と,遊ぶ,「と」は相手だよ。,共同。,,
2021,わたし,は,水族館,で,イルカ,を,見る,「の」はつながりだよ。,連体。,,
2022,ぼく,は,動物園,で,パンダ,を,見る,「で」は場所だよ。,場所。,,
2023,わたし,は,美術館,で,作品,について,考える,「について」はテーマだよ。,主題。,,
2024,ぼく,は,博物館,で,歴史,を,学ぶ,「で」は場所だよ。,場所。,,
2025,わたし,は,ライブ,で,歌,を,聞く,「で」は場所だよ。,場所。,,
2026,ぼく,は,カラオケ,で,友達,と,歌う,「と」は相手だよ。,共同。,,
2027,わたし,は,体育館,で,試合,を,見る,「で」は場所だよ。,場所。,,
2028,ぼく,は,海,で,友達,と,遊ぶ,「と」は相手だよ。,共同。,,
2029,わたし,は,山,で,登山,を,する,「で」は場所だよ。,場所。,,
2030,ぼく,は,カフェ,で,友達,と,話す,「と」は相手だよ。,共同。,,
2031,わたし,は,友達,と,買い物,を,する,「と」は相手だよ。,共同。,,
2032,ぼく,は,神社,で,おみくじ,を,引く,「で」は場所だよ。,場所。,,
2033,わたし,は,先生,に,質問,を,する,「に」はあいてだよ。,受け手。,,
2034,ぼく,は,友達,と,勉強,を,する,「と」は相手だよ。,共同。,,
2035,わたし,は,公園,で,ボール,を,投げる,「で」は場所だよ。,場所。,,
2036,ぼく,は,家,で,ゲーム,を,する,「で」は場所だよ。,場所。,,
2037,わたし,は,駅,から,学校,まで,歩く,「から」ははじまり、「まで」は終わりだよ。,起点終点。,,
2038,ぼく,は,図書館,で,本,を,読む,「で」は場所だよ。,場所。,,
2039,わたし,は,広場,で,音楽,を,聞く,「で」は場所だよ。,場所。,,
2040,ぼく,は,遊園地,で,乗り物,に,乗る,「に」は対象だよ。,対象。,,
2041,わたし,は,水族館,で,魚,を,見る,「で」は場所だよ。,場所。,,
2042,ぼく,は,動物園,で,ライオン,を,見る,「で」は場所だよ。,場所。,,
2043,わたし,は,美術館,で,絵,について,話す,「について」はテーマだよ。,主題。,,
2044,ぼく,は,博物館,で,展示,を,見学する,「で」は場所だよ。,場所。,,
2045,わたし,は,ライブ,で,友達,と,盛り上がる,「と」は相手だよ。,共同。,,
2046,ぼく,は,映画館,で,新作,を,見る,「で」は場所だよ。,場所。,,
2047,わたし,は,体育館,で,練習,を,する,「で」は場所だよ。,場所。,,
2048,ぼく,は,海,で,波,を,見る,「で」は場所だよ。,場所。,,
2049,わたし,は,山,で,写真,を,撮る,「で」は場所だよ。,場所。,,
2050,ぼく,は,カフェ,で,ケーキ,を,食べる,「で」は場所だよ。,場所。,,
2051,わたし,は,商店街,で,お菓子,を,買う,「で」は場所だよ。,場所。,,
2052,ぼく,は,神社,で,お願い,を,する,「で」は場所だよ。,場所。,,
2053,わたし,は,学校,で,授業,を,受ける,「で」は場所だよ。,場所。,,
2054,ぼく,は,教室,で,問題,を,解く,「で」は場所だよ。,場所。,,
2055,わたし,は,公園,で,散歩,を,する,「で」は場所だよ。,場所。,,
2056,ぼく,は,家,で,宿題,を,する,「で」は場所だよ。,場所。,,
2057,わたし,は,駅,で,友達,と,待ち合わせる,「と」は相手だよ。,共同。,,
2058,ぼく,は,図書館,で,調べ物,を,する,「で」は場所だよ。,場所。,,
2059,わたし,は,広場,で,ダンス,を,する,「で」は場所だよ。,場所。,,
2060,ぼく,は,遊園地,で,友達,と,遊ぶ,「は」は主役、「で」は場所、「と」はいっしょにする相手だよ。,主題提示＋動作の場所＋共同動作の相手。,,
2061,わたし,は,水族館,で,魚,を,見る,「は」は主役、「で」は場所、「を」は見るものだよ。,主題提示＋場所＋対象。,,
2062,ぼく,は,美術館,で,絵,を,じっくり見る,「は」は主役、「で」は場所、「を」は対象だよ。,主題提示＋場所＋対象。,,
2063,わたし,は,動物園,で,動物,を,観察する,「は」は主役、「で」は場所、「を」は対象だよ。,主題提示＋場所＋対象。,,
2064,ぼく,は,映画館,で,映画,を,楽しむ,「は」は主役、「で」は場所、「を」は対象だよ。,主題提示＋場所＋対象。,,
2065,わたし,は,ライブ,で,音楽,を,楽しむ,「は」は主役、「で」は場所、「を」は対象だよ。,主題提示＋場所＋対象。,,
2066,ぼく,は,海,で,友達,と,泳ぐ,「は」は主役、「で」は場所、「と」は相手だよ。,主題提示＋場所＋共同。,,
2067,わたし,は,山,で,写真,を,撮る,「は」は主役、「で」は場所、「を」は対象だよ。,主題提示＋場所＋対象。,,
2068,ぼく,は,カフェ,で,ケーキ,を,食べる,「は」は主役、「で」は場所、「を」は対象だよ。,主題提示＋場所＋対象。,,
2069,わたし,は,商店街,で,買い物,を,楽しむ,「は」は主役、「で」は場所、「を」は対象だよ。,主題提示＋場所＋対象。,,
2070,ぼく,は,神社,で,お参り,を,する,「は」は主役、「で」は場所、「を」はすることだよ。,主題提示＋場所＋対象。,,
2071,わたし,は,学校,で,友達,と,話す,「は」は主役、「で」は場所、「と」は相手だよ。,主題提示＋場所＋共同。,,
2072,ぼく,は,教室,で,問題,を,解く,「は」は主役、「で」は場所、「を」は対象だよ。,主題提示＋場所＋対象。,,
2073,わたし,は,公園,で,犬,と,遊ぶ,「は」は主役、「で」は場所、「と」は相手だよ。,主題提示＋場所＋共同。,,
2074,ぼく,は,家,で,宿題,を,する,「は」は主役、「で」は場所、「を」は対象だよ。,主題提示＋場所＋対象。,,
2075,わたし,は,駅,で,電車,を,待つ,「は」は主役、「で」は場所、「を」は対象だよ。,主題提示＋場所＋対象。,,
2076,ぼく,は,図書館,で,本,を,読む,「は」は主役、「で」は場所、「を」は対象だよ。,主題提示＋場所＋対象。,,
2077,わたし,は,広場,で,イベント,を,楽しむ,「は」は主役、「で」は場所、「を」は対象だよ。,主題提示＋場所＋対象。,,
2078,ぼく,は,遊園地,で,乗り物,に,乗る,「は」は主役、「で」は場所、「に」は乗る対象だよ。,主題提示＋場所＋対象（着点）。,,
2079,わたし,は,水族館,で,イルカショー,を,見る,「は」は主役、「で」は場所、「の」はつながりだよ。,主題提示＋場所＋連体修飾。,,
2080,ぼく,は,動物園,で,ライオン,を,見る,「は」は主役、「で」は場所、「を」は対象だよ。,主題提示＋場所＋対象。,,
2081,わたし,は,美術館,で,作品,について,話す,「は」は主役、「で」は場所、「について」は話のテーマだよ。,主題提示＋場所＋主題提示。,,
2082,ぼく,は,博物館,で,歴史,を,学ぶ,「は」は主役、「で」は場所、「を」は対象だよ。,主題提示＋場所＋対象。,,
2083,わたし,は,ライブ,で,友達,と,盛り上がる,「は」は主役、「で」は場所、「と」は相手だよ。,主題提示＋場所＋共同。,,
2084,ぼく,は,映画館,で,新作,を,見る,「は」は主役、「で」は場所、「を」は対象だよ。,主題提示＋場所＋対象。,,
2085,わたし,は,体育館,で,練習,を,する,「は」は主役、「で」は場所、「を」は対象だよ。,主題提示＋場所＋対象。,,
2086,ぼく,は,海,で,波,を,見る,「は」は主役、「で」は場所、「を」は対象だよ。,主題提示＋場所＋対象。,,
2087,わたし,は,山,で,景色,を,楽しむ,「は」は主役、「で」は場所、「を」は対象だよ。,主題提示＋場所＋対象。,,
2088,ぼく,は,カフェ,で,友達,と,話す,「は」は主役、「で」は場所、「と」は相手だよ。,主題提示＋場所＋共同。,,
2089,わたし,は,商店街,で,お菓子,を,買う,「は」は主役、「で」は場所、「を」は対象だよ。,主題提示＋場所＋対象。,,
2090,ぼく,は,神社,で,おみくじ,を,引く,「は」は主役、「で」は場所、「を」は対象だよ。,主題提示＋場所＋対象。,,
2091,わたし,は,学校,で,先生,に,質問する,「は」は主役、「で」は場所、「に」はあいてだよ。,主題提示＋場所＋受け手。,,
2092,ぼく,は,教室,で,友達,と,勉強する,「は」は主役、「で」は場所、「と」は相手だよ。,主題提示＋場所＋共同。,,
2093,わたし,は,公園,で,ボール,を,投げる,「は」は主役、「で」は場所、「を」は対象だよ。,主題提示＋場所＋対象。,,
2094,ぼく,は,家,で,ゲーム,を,する,「は」は主役、「で」は場所、「を」は対象だよ。,主題提示＋場所＋対象。,,
2095,わたし,は,駅,から,学校,まで,歩く,「は」は主役、「から」ははじまり、「まで」は終わりだよ。,主題提示＋起点＋終点。,,
2096,ぼく,は,図書館,で,本,を,読む,「は」は主役、「で」は場所、「を」は対象だよ。,主題提示＋場所＋対象。,,
2097,わたし,は,広場,で,音楽,を,聞く,「は」は主役、「で」は場所、「を」は対象だよ。,主題提示＋場所＋対象。,,
2098,ぼく,は,遊園地,で,写真,を,撮る,「は」は主役、「で」は場所、「を」は対象だよ。,主題提示＋場所＋対象。,,
2099,わたし,は,水族館,で,魚,を,見る,「は」は主役、「で」は場所、「を」は対象だよ。,主題提示＋場所＋対象。,,
2100,ぼく,は,美術館,で,絵,を,楽しむ,「は」は主役、「で」は場所、「を」は対象だよ。,主題提示＋場所＋対象。,,
2101,ぼく,は,友達,に,プレゼント,を,渡す,「は」は主役、「に」はあげる相手、「を」は渡すものだよ。,主題提示＋受け手＋対象。,,
2102,わたし,は,先生,に,質問,を,する,「は」は主役、「に」は聞く相手、「を」は質問の内容だよ。,主題提示＋受け手＋対象。,,
2103,ぼく,は,駅,から,家,まで,走る,「は」は主役、「から」は出発、「まで」はゴールだよ。,主題提示＋起点＋終点。,,
2104,わたし,は,兄,より,背,が,高い,「より」はくらべるときに使うよ。,比較構文。,,
2105,ぼく,は,本,の,内容,について,話す,「の」はつながり、「について」はテーマだよ。,連体修飾＋主題提示。,,
2106,わたし,は,友達,と,意見,を,交換する,「と」はいっしょにする相手、「を」は内容だよ。,共同＋対象。,,
2107,ぼく,は,外,で,傘,を,さす,「で」は場所、「を」は対象だよ。,場所＋対象。,,
2108,わたし,は,朝,に,音楽,を,聞く,「に」は時間、「を」は聞くものだよ。,時間＋対象。,,
2109,ぼく,は,机,に,本,を,置く,「の」はつながり、「に」は置く場所、「を」は対象だよ。,連体＋到達点＋対象。,,
2110,わたし,は,友達,から,手紙,を,もらう,「から」はもらう相手、「を」はもらうものだよ。,起点（供与者）＋対象。,,
2111,ぼく,は,学校,へ,,,向かう,「へ」は行き先の方向だよ。,方向。,,
2112,わたし,は,犬,と,,,散歩する,「と」はいっしょにする相手だよ。,共同。,,
2113,ぼく,は,お金,で,ジュース,を,買う,「で」は手段、「を」は買うものだよ。,手段＋対象。,,
2114,わたし,は,友達,に,ノート,を,貸す,「に」は相手、「を」は貸すものだよ。,受け手＋対象。,,
2115,ぼく,は,夕方,まで,,,遊ぶ,「まで」は終わりの時間だよ。,終点（時間）。,,
2116,わたし,は,音楽,で,気分,が,良くなる,「で」は手段、「が」は状態の主語だよ。,,,
2117,ぼく,は,山,から,町,を,見る,「から」は見る場所、「を」は対象だよ。,視点＋対象。,,
2118,わたし,は,本,や,ノート,を,置く,「や」は並べる、「を」は対象だよ。,並列＋対象。,,
2119,ぼく,は,夏,#NAME?,花火,を,見る,「に」は時間、「を」は対象だよ。,時間＋対象。,,
2120,わたし,は,理由,を,先生,に,説明する,「を」は内容、「に」は相手だよ。,対象＋受け手。,,
2121,ぼく,は,友達,に,本,を,すすめる,「は」は主役、「に」はすすめる相手、「を」はすすめるものだよ。,主題提示＋受け手＋対象。,,
2122,わたし,は,母,に,手紙,を,書く,「は」は主役、「に」はあて先、「を」は書く内容だよ。,主題提示＋受け手＋対象。,,
2123,ぼく,は,学校,から,公園,まで,歩く,「から」は出発、「まで」は終点だよ。,起点＋終点。,,
2124,わたし,は,兄,より,足,が,速い,「より」はくらべるときに使うよ。,比較構文。,,
2125,ぼく,は,映画,の,感想,について,話す,「の」はつながり、「について」はテーマだよ。,連体修飾＋主題。,,
2126,わたし,は,友達,と,予定,を,決める,「と」は相手、「を」は内容だよ。,共同＋対象。,,
2127,ぼく,は,虹,を,,,見る,「を」は対象だよ。,対象。,,
2128,わたし,は,朝,に,パン,を,食べる,「に」は時間、「を」は対象だよ。,時間＋対象。,,
2129,ぼく,は,机,に,ノート,を,入れる,「に」は場所、「を」は対象だよ。,到達点＋対象。,,
2130,わたし,は,友達,から,おみやげ,を,もらう,「から」はくれる相手、「を」はもらうものだよ。,起点（供与者）＋対象。,,
2131,ぼく,は,学校,へ,,,急ぐ,「へ」は向かう方向だよ。,方向。,,
2132,わたし,は,妹,と,,,遊ぶ,「と」はいっしょにする相手だよ。,共同。,,
2133,ぼく,は,お金,で,パン,を,買う,「で」は手段、「を」は対象だよ。,手段＋対象。,,
2134,わたし,は,友達,に,ペン,を,貸す,「に」は相手、「を」は対象だよ。,受け手＋対象。,,
2135,ぼく,は,夜,まで,本,を,読む,「まで」は終わりの時間だよ。,終点。,,
2136,わたし,は,音楽,で,気分,が,明るくなる,「で」は手段、「が」は変化する主体だよ。,手段＋主格。,,
2137,ぼく,は,丘,から,町,を,見下ろす,「から」は見る場所、「を」は対象だよ。,視点＋対象。,,
2138,わたし,は,ノート,や,教科書,を,置く,「や」は並べる、「を」は対象だよ。,並列＋対象。,,
2139,ぼく,は,冬,に,雪,を,見る,「に」は時間、「を」は対象だよ。,時間＋対象。,,
2140,わたし,は,理由,を,友達,に,説明する,「を」は内容、「に」は相手だよ。,対象＋受け手。,,
2141,ぼく,は,先生,に,答え,を,伝える,「に」は相手、「を」は内容だよ。,受け手＋対象。,,
2142,わたし,は,駅,から,家,まで,帰る,「から」は出発、「まで」は終点だよ。,起点＋終点。,,
2143,ぼく,は,弟,より,背,が,低い,「より」は比較だよ。,比較構文。,,
2144,わたし,は,本,の,内容,について,考える,「の」はつながり、「について」はテーマだよ。,連体＋主題。,,
2145,ぼく,は,友達,と,ゲーム,を,楽しむ,「と」は相手、「を」は対象だよ。,共同＋対象。,,
2146,わたし,は,夕方,に,犬,を,散歩させる,「に」は時間、「を」は対象だよ。,時間＋対象。,,
2147,ぼく,は,机,の,下,に,置く,「の」はつながり、「に」は場所だよ。,連体＋到達点。,,
2148,わたし,は,友達,から,アドバイス,を,もらう,「から」は相手だよ。,起点。,,
2149,ぼく,は,学校,へ,,,向かう,「へ」は方向だよ。,方向。,,
2150,わたし,は,兄,と,,,話す,「と」は相手だよ。,共同。,,
2151,ぼく,は,お金,で,お菓子,を,買う,「で」は手段、「を」は対象だよ。,手段＋対象。,,
2152,わたし,は,友達,に,本,を,返す,「に」は相手、「を」は対象だよ。,受け手＋対象。,,
2153,ぼく,は,昼,まで,ゲーム,を,する,「まで」は終わりだよ。,終点。,,
2154,わたし,は,映画,で,気分,が,楽しくなる,「を」は対象、「が」は変化の主体だよ。,対象＋主格。,,
2155,ぼく,は,山,から,海,を,眺める,「から」は視点、「を」は対象だよ。,視点＋対象。,,
2156,わたし,は,ペン,や,ノート,を,入れる,「や」は並列、「を」は対象だよ。,並列＋対象。,,
2157,ぼく,は,昼,に,花,を,見る,「に」は時間だよ。,時間。,,
2158,わたし,は,理由,を,先生,に,伝える,「を」は内容、「に」は相手だよ。,対象＋受け手。,,
2159,ぼく,は,友達,に,ゲーム,を,教える,「に」は相手、「を」は内容だよ。,受け手＋対象。,,
2160,わたし,は,駅,から,学校,まで,歩く,「から」は出発、「まで」は終点だよ。,起点＋終点。,,
2161,ぼく,は,兄,より,力,が,強い,「より」は比較だよ。,比較。,,
2162,わたし,は,映画,の,内容,について,話す,「の」はつながり、「について」はテーマだよ。,連体＋主題。,,
2163,ぼく,は,友達,と,宿題,を,進める,「と」は相手、「を」は対象だよ。,共同＋対象。,,
2164,わたし,は,朝,に,牛乳,を,飲む,「に」は時間だよ。,時間。,,
2165,ぼく,は,机,の,横,に,置く,「の」はつながり、「に」は場所だよ。,連体＋到達点。,,
2166,わたし,は,友達,から,プレゼント,を,受け取る,「から」は相手だよ。,起点。,,
2167,ぼく,は,学校,へ,,,走る,「へ」は方向だよ。,方向。,,
2168,わたし,は,妹,と,,,買い物する,「と」は相手だよ。,共同。,,
2169,ぼく,は,お金,で,ジュース,を,買う,「で」は手段だよ。,手段。,,
2170,わたし,は,友達,に,えんぴつ,を,あげる,「に」は相手、「を」は対象だよ。,受け手＋対象。,,
2171,ぼく,は,夕方,まで,,,遊ぶ,「まで」は終点だよ。,時間終点。,,
2172,わたし,は,音楽,を,聞いて,,落ち着く,「を」は対象だよ。,対象。,,
2173,ぼく,は,橋,から,川,を,見る,「から」は視点、「を」は対象だよ。,視点＋対象。,,
2174,わたし,は,本,や,雑誌,を,並べる,「や」は並列、「を」は対象だよ。,並列＋対象。,,
2175,ぼく,は,秋夜,に,月,を,見る,「に」は時間だよ。,時間。,,
2176,わたし,は,理由,を,家族,に,話す,「を」は内容、「に」は相手だよ。,対象＋受け手。,,
2177,ぼく,は,先生,に,質問,を,する,「に」は相手、「を」は内容だよ。,受け手＋対象。,,
2178,わたし,は,駅,から,家,まで,歩く,「から」は出発、「まで」は終点だよ。,起点＋終点。,,
2179,ぼく,は,友達,より,速く,,走る,「より」は比較だよ。,比較。,,
2180,わたし,は,本,の,テーマ,について,考える,「の」はつながり、「について」はテーマだよ。,連体＋主題。,,
2181,ぼく,は,友達,と,計画,を,立てる,「と」は相手、「を」は対象だよ。,共同＋対象。,,
2182,わたし,は,朝,に,ごはん,を,食べる,「に」は時間だよ。,時間。,,
2183,ぼく,は,机,の,前,に,置く,「の」はつながり、「に」は場所だよ。,連体＋到達点。,,
2184,わたし,は,友達,から,本,を,借りる,「から」は相手だよ。,起点。,,
2185,ぼく,は,学校,へ,,,歩く,「へ」は方向だよ。,方向。,,
2186,わたし,は,母,と,,,料理する,「と」は相手だよ。,共同。,,
2187,ぼく,は,お金,で,アイス,を,買う,「で」は手段だよ。,手段。,,
2188,わたし,は,友達,に,お菓子,を,あげる,「に」は相手だよ。,受け手。,,
2189,ぼく,は,夜,まで,テレビ,を,見る,「まで」は終点だよ。,終点。,,
2190,わたし,は,映画,で,気分,が,変わる,「で」は手段、「が」は主体だよ。,手段＋主格。,,
2191,ぼく,は,丘,から,景色,を,見る,「から」は視点、「を」は対象だよ。,視点＋対象。,,
2192,わたし,は,ペン,や,消しゴム,を,落とす,「や」は並列だよ。,並列。,,
2193,ぼく,は,朝,に,鳥,を,見る,「に」は時間だよ。,時間。,,
2194,わたし,は,理由,を,先生,に,話す,「を」は内容、「に」は相手だよ。,対象＋受け手。,,
2195,ぼく,は,友達,に,遊び,を,教える,「に」は相手、「を」は内容だよ。,受け手＋対象。,,
2196,わたし,は,駅,から,学校,まで,走る,「から」は出発、「まで」は終点だよ。,起点＋終点。,,
2197,ぼく,は,兄,より,速く,,泳ぐ,「より」は比較だよ。,比較。,,
2198,わたし,は,本,の,内容,について,話す,「の」はつながり、「について」はテーマだよ。,連体＋主題。,,
2199,ぼく,は,友達,と,ゲーム,を,する,「と」は相手、「を」は対象だよ。,共同＋対象。,,
2200,わたし,は,朝,に,水,を,飲む,「に」は時間、「を」は対象だよ。,時間＋対象。,,
2201,ぼく,は,昼ごはん,に,カレー,を,食べる,「は」は主役、「に」は時間、「を」は食べるものだよ。,主題提示＋時間＋対象。,,
2202,わたし,は,友達,と,ラーメン,を,食べる,「は」は主役、「と」はいっしょの相手、「を」は対象だよ。,主題提示＋共同＋対象。,,
2203,ぼく,は,朝,に,パン,を,焼く,「に」は時間、「を」は対象だよ。,時間＋対象。,,
2204,わたし,は,母,に,弁当,を,作る,「に」はあげる相手、「を」は対象だよ。,受け手＋対象。,,
2205,ぼく,は,店,で,寿司,を,食べる,「で」は場所、「を」は対象だよ。,場所＋対象。,,
2206,わたし,は,兄,より,ケーキ,が,好きだ,「より」はくらべる、「が」は好きなものだよ。,比較＋主格。,,
2207,ぼく,は,お金,で,ジュース,を,買う,「で」は手段、「を」は対象だよ。,手段＋対象。,,
2208,わたし,は,友達,に,お菓子,を,あげる,「に」は相手、「を」は対象だよ。,受け手＋対象。,,
2209,ぼく,は,友達,から,チョコレート,を,もらう,「から」はもらう相手、「を」は対象だよ。,起点＋対象。,,
2210,わたし,は,夕方,まで,おやつ,を,食べない,「まで」は時間の終わりだよ。,終点（時間）。,,
2211,ぼく,は,カフェ,で,パスタ,を,食べる,「で」は場所、「を」は対象だよ。,場所＋対象。,,
2212,わたし,は,家,で,スープ,を,作る,「で」は場所、「を」は対象だよ。,場所＋対象。,,
2213,ぼく,は,弁当,に,おにぎり,を,入れる,「に」は場所、「を」は対象だよ。,到達点＋対象。,,
2214,わたし,は,友達,と,ピザ,を,分ける,「と」は相手、「を」は対象だよ。,共同＋対象。,,
2215,ぼく,は,店,から,パン,を,買う,「から」は場所、「を」は対象だよ。,起点＋対象。,,
2216,わたし,は,昼,に,うどん,を,食べる,「に」は時間、「を」は対象だよ。,時間＋対象。,,
2217,ぼく,は,兄,より,ラーメン,が,好きだ,「より」は比較、「が」は対象だよ。,比較＋主格。,,
2218,わたし,は,友達,に,ジュース,を,渡す,「に」は相手、「を」は対象だよ。,受け手＋対象。,,
2219,ぼく,は,友達,から,クッキー,を,受け取る,「から」は相手、「を」は対象だよ。,起点＋対象。,,
2220,わたし,は,夜,に,ごはん,を,食べる,「に」は時間、「を」は対象だよ。,時間＋対象。,,
2221,ぼく,は,レストラン,で,ハンバーグ,を,食べる,「で」は場所、「を」は対象だよ。,場所＋対象。,,
2222,わたし,は,家族,と,寿司,を,食べる,「と」は相手、「を」は対象だよ。,共同＋対象。,,
2223,ぼく,は,朝,に,牛乳,を,飲む,「に」は時間、「を」は対象だよ。,時間＋対象。,,
2224,わたし,は,母,に,スープ,を,作ってもらう,「に」はしてくれる人、「を」は対象だよ。,受益構文。,,
2225,ぼく,は,店,で,アイス,を,買う,「で」は場所、「を」は対象だよ。,場所＋対象。,,
2226,わたし,は,弟,より,チョコ,が,好きだ,「より」は比較、「が」は対象だよ。,比較。,,
2227,ぼく,は,お金,で,弁当,を,買う,「で」は手段、「を」は対象だよ。,手段。,,
2228,わたし,は,友達,に,パン,を,分ける,「に」は相手、「を」は対象だよ。,受け手。,,
2229,ぼく,は,友達,から,ジュース,を,もらう,「から」は相手、「を」は対象だよ。,起点。,,
2230,わたし,は,夕方,まで,何も,,食べない,「まで」は時間の終わりだよ。,終点。,,
2231,ぼく,は,朝,に,おにぎり,を,食べる,「は」は主役、「に」は時間、「を」は食べるものだよ。,主題提示＋時間＋対象。,,
2232,わたし,は,友達,と,ケーキ,を,食べる,「と」はいっしょの相手、「を」は対象だよ。,共同＋対象。,,
2233,ぼく,は,店,で,ラーメン,を,注文する,「で」は場所、「を」は対象だよ。,場所＋対象。,,
2234,わたし,は,母,に,弁当,を,作ってもらう,「に」はしてくれる人、「を」は対象だよ。,受益構文。,,
2235,ぼく,は,友達,に,ジュース,を,渡す,「に」は相手、「を」は対象だよ。,受け手＋対象。,,
2236,わたし,は,友達,から,お菓子,を,もらう,「から」は相手、「を」は対象だよ。,起点＋対象。,,
2237,ぼく,は,昼,まで,何も,,食べない,「まで」は時間の終わりだよ。,終点。,,
2238,わたし,は,兄,より,パン,が,好きだ,「より」はくらべる、「が」は対象だよ。,比較＋主格。,,
2239,ぼく,は,カフェ,で,コーヒー,を,飲む,「で」は場所、「を」は対象だよ。,場所＋対象。,,
2240,わたし,は,家,で,カレー,を,作る,「で」は場所、「を」は対象だよ。,場所＋対象。,,
2241,ぼく,は,学校,から,駅,まで,走る,「から」は出発、「まで」は終点だよ。,起点＋終点。,,
2242,わたし,は,先生,に,質問,を,する,「に」は相手、「を」は内容だよ。,受け手＋対象。,,
2243,ぼく,は,友達,と,映画,を,見る,「と」は相手、「を」は対象だよ。,共同＋対象。,,
2244,わたし,は,机,に,本,を,置く,「に」は場所、「を」は対象だよ。,到達点＋対象。,,
2245,ぼく,は,山,から,景色,を,見る,「から」は見る場所、「を」は対象だよ。,視点＋対象。,,
2246,わたし,は,朝,に,牛乳,を,飲む,「に」は時間だよ。,時間。,,
2247,ぼく,は,友達,に,ゲーム,を,教える,「に」は相手、「を」は内容だよ。,受け手＋対象。,,
2248,わたし,は,友達,から,本,を,借りる,「から」は相手だよ。,起点。,,
2249,ぼく,は,夜,まで,テレビ,を,見る,「まで」は終点だよ。,終点。,,
2250,わたし,は,映画,で,気分,が,楽しくなる,「で」は手段、「が」は主体だよ。,手段＋主格。,,
2251,ぼく,は,公園,で,犬,と,遊ぶ,「で」は場所、「と」は相手だよ。,場所＋共同。,,
2252,わたし,は,図書館,で,本,を,読む,「で」は場所、「を」は対象だよ。,場所＋対象。,,
2253,ぼく,は,駅,へ,,,向かう,「へ」は方向だよ。,方向。,,
2254,わたし,は,妹,と,,,買い物する,「と」は相手だよ。,共同。,,
2255,ぼく,は,お金,で,ジュース,を,買う,「で」は手段、「を」は対象だよ。,手段＋対象。,,
2256,わたし,は,友達,に,ノート,を,貸す,「に」は相手、「を」は対象だよ。,受け手＋対象。,,
2257,ぼく,は,夕方,まで,,,遊ぶ,「まで」は終点だよ。,時間終点。,,
2258,わたし,は,音楽,で,気分,が,落ち着く,「で」は手段、「が」は主体だよ。,手段＋主格。,,
2259,ぼく,は,橋,から,川,を,見る,「から」は視点、「を」は対象だよ。,視点＋対象。,,
2260,わたし,は,本,や,ノート,を,置く,「や」は並列、「を」は対象だよ。,並列＋対象。,,
2261,ぼく,は,夜,に,花火,を,見る,「に」は時間だよ。,時間。,,
2262,わたし,は,理由,を,先生,に,説明する,「を」は内容、「に」は相手だよ。,対象＋受け手。,,
2263,ぼく,は,友達,に,プレゼント,を,あげる,「に」は相手、「を」は対象だよ。,受け手＋対象。,,
2264,わたし,は,駅,から,家,まで,歩く,「から」は出発、「まで」は終点だよ。,起点＋終点。,,
2265,ぼく,は,兄,より,速く,,走る,「より」は比較だよ。,比較。,,
2266,わたし,は,本,の,内容,について,話す,「の」はつながり、「について」はテーマだよ。,連体＋主題。,,
2267,ぼく,は,友達,と,計画,を,立てる,「と」は相手、「を」は対象だよ。,共同＋対象。,,
2268,わたし,は,朝,に,ごはん,を,食べる,「に」は時間だよ。,時間。,,
2269,先生,は,横,に,イス,を,置く,「の」はつながり、「に」は場所だよ。,連体＋到達点。,,
2270,わたし,は,友達,から,アドバイス,を,もらう,「から」は相手だよ。,起点。,,
2271,ぼく,は,学校,へ,,,歩く,「へ」は方向だよ。,方向。,,
2272,わたし,は,母,と,,,料理する,「と」は相手だよ。,共同。,,
2273,ぼく,は,お金,で,アイス,を,買う,「で」は手段だよ。,手段。,,
2274,わたし,は,友達,に,お菓子,を,分ける,「に」は相手だよ。,受け手。,,
2275,ぼく,は,夜,まで,ゲーム,を,する,「まで」は終点だよ。,終点。,,
2276,わたし,は,映画,で,気分,が,変わる,「を」は対象、「が」は主体だよ。,対象＋主格。,,
2277,ぼく,は,丘,から,町,を,見る,「から」は視点だよ。,視点。,,
2278,わたし,は,ペン,や,消しゴム,を,置く,「や」は並列だよ。,並列。,,
2279,ぼく,は,朝,に,鳥,を,見る,「に」は時間だよ。,時間。,,
2280,わたし,は,理由,を,家族,に,話す,「を」は内容、「に」は相手だよ。,対象＋受け手。,,
2281,ぼく,は,先生,に,質問,を,する,「に」は相手だよ。,受け手。,,
2282,わたし,は,駅,から,学校,まで,走る,「から」は出発、「まで」は終点だよ。,起点＋終点。,,
2283,ぼく,は,友達,より,速く,,泳ぐ,「より」は比較だよ。,比較。,,
2284,わたし,は,本,の,テーマ,について,考える,「の」はつながり、「について」はテーマだよ。,連体＋主題。,,
2285,ぼく,は,友達,と,ゲーム,を,楽しむ,「と」は相手、「を」は対象だよ。,共同＋対象。,,
2286,わたし,は,朝,に,水,を,飲む,「に」は時間だよ。,時間。,,
2287,ぼく,は,前,に,イス,を,置く,「に」は場所だよ。,到達点。,,
2288,わたし,は,友達,から,本,を,借りる,「から」は相手だよ。,起点。,,
2289,ぼく,は,学校,へ,,,走る,「へ」は方向だよ。,方向。,,
2290,わたし,は,妹,と,,,遊ぶ,「と」は相手だよ。,共同。,,
2291,ぼく,は,お金,で,弁当,を,買う,「で」は手段だよ。,手段。,,
2292,わたし,は,友達,に,えんぴつ,を,あげる,「に」は相手だよ。,受け手。,,
2293,ぼく,は,夕方,まで,,,遊ぶ,「まで」は終点だよ。,終点。,,
2294,わたし,は,音楽,で,気分,が,よくなる,「で」は手段、「が」は主体だよ。,手段＋主格。,,
2295,ぼく,は,橋,から,川,を,見る,「から」は視点だよ。,視点。,,
2296,わたし,は,本,や,雑誌,を,買う,「や」は並列だよ。,並列。,,
2297,ぼく,は,秋,に,月,を,見る,「に」は時間だよ。,到達点。,,
2298,わたし,は,理由,を,先生,に,話す,「を」は内容、「に」は相手だよ。,対象＋受け手。,,
2299,ぼく,は,友達,に,遊び,を,教える,「に」は相手、「を」は内容だよ。,受け手。,,
2300,わたし,は,駅,から,家,まで,歩く,「から」は出発、「まで」は終点だよ。,起点＋終点。,,
2301,ぼく,は,先生,に,質問,を,する,「は」は主役、「に」は聞く相手、「を」は内容だよ。,主題提示＋受け手＋対象。,,
2302,わたし,は,医者,に,体調,を,相談する,「に」は相手、「を」は内容だよ。,受け手＋対象。,,
2303,ぼく,は,店員,に,商品,を,たずねる,「に」は相手、「を」は聞く内容だよ。,受け手＋対象。,,
2304,わたし,は,警察官,に,道,を,聞く,「に」は相手、「を」は内容だよ。,受け手＋対象。,,
2305,ぼく,は,友達,と,ライブ,を,見る,「と」は相手だよ。,共同。,,
2306,わたし,は,選手,の,試合,を,応援する,「の」はつながり、「を」は対象だよ。,連体＋対象。,,
2307,ぼく,は,子ども,に,遊び,を,教える,「に」は相手、「を」は内容だよ。,受け手＋対象。,,
2308,わたし,は,家族,と,夕食,を,食べる,「と」は相手、「を」は対象だよ。,共同＋対象。,,
2309,ぼく,は,前,で,歌,を,歌う,「で」は場所だよ。,場所。,,
2310,わたし,は,友達,から,アドバイス,を,もらう,「から」は相手、「を」は対象だよ。,起点＋対象。,,
2311,犬,が,公園,で,ボール,を,追いかける,「が」は主役、「で」は場所、「を」は対象だよ。,主格＋場所＋対象。,,
2312,猫,が,机,の,上,で,眠る,「が」は主役、「の」はつながり、「で」は場所だよ。,主格＋連体＋場所。,,
2313,鳥,が,空,を,,,飛ぶ,「が」は主役、「を」は通る場所だよ。,主格＋経路。,,
2314,パンダ,が,竹,を,,,食べる,「が」は主役、「を」は対象だよ。,主格＋対象。,,
2315,ライオン,が,草原,で,,,走る,「が」は主役、「で」は場所だよ。,主格＋場所。,,
2316,イルカ,が,水,の,中,で,泳ぐ,「が」は主役、「の」はつながり、「で」は場所だよ。,主格＋連体＋場所。,,
2317,うさぎ,が,野原,で,,,跳ねる,「が」は主役、「で」は場所だよ。,主格＋場所。,,
2318,馬,が,道,を,,,走る,「が」は主役、「を」は通る場所だよ。,主格＋経路。,,
2319,犬,が,飼い主,に,しっぽ,を,振る,「が」は主役、「に」は相手、「を」は対象だよ。,主格＋対象。,,
2320,猫,が,魚,を,,,食べる,「が」は主役、「を」は対象だよ。,主格＋対象。,,
2321,ぼく,は,先生,から,本,を,借りる,「から」は相手、「を」は対象だよ。,起点＋対象。,,
2322,わたし,は,友達,に,手紙,を,送る,「に」は相手、「を」は対象だよ。,受け手＋対象。,,
2323,ぼく,は,兄,より,背,が,高い,「より」は比較、「が」は対象だよ。,比較＋主格。,,
2324,わたし,は,母,の,料理,を,ほめる,「の」はつながり、「を」は対象だよ。,連体＋対象。,,
2325,ぼく,は,店員,に,パン,を,注文する,「に」は相手、「を」は対象だよ。,受け手＋対象。,,
2326,わたし,は,医者,から,薬,を,もらう,「から」は相手、「を」は対象だよ。,起点＋対象。,,
2327,ぼく,は,観客,に,手,を,振る,「に」は相手、「を」は対象だよ。,受け手＋対象。,,
2328,わたし,は,選手,と,写真,を,撮る,「と」は相手、「を」は対象だよ。,共同＋対象。,,
2329,ぼく,は,子ども,と,公園,で,遊ぶ,「と」は相手、「で」は場所だよ。,共同＋場所。,,
2330,わたし,は,家族,と,旅行,に,行く,「と」は相手、「に」は行き先だよ。,共同＋到達点。,,
2331,ぼく,は,友達,に,気持ち,を,伝える,「は」は主役、「に」は相手、「を」は伝える内容だよ。,主題提示＋受け手＋対象。,,
2332,わたし,は,先生,に,理由,を,説明する,「に」は相手、「を」は内容だよ。,受け手＋対象。,,
2333,ぼく,は,母,に,感謝,を,伝える,「に」は相手、「を」は内容だよ。,受け手＋対象。,,
2334,わたし,は,友達,と,計画,を,話し合う,「と」は相手、「を」は内容だよ。,共同＋対象。,,
2335,ぼく,は,兄,より,ゲーム,が,上手だ,「より」は比較、「が」は対象だよ。,比較＋主格。,,
2336,わたし,は,妹,と,秘密,を,共有する,「と」は相手、「を」は内容だよ。,共同＋対象。,,
2337,ぼく,は,先生,から,助言,を,受ける,「から」は相手、「を」は内容だよ。,起点＋対象。,,
2338,わたし,は,友達,に,相談,を,する,「に」は相手、「を」は内容だよ。,受け手＋対象。,,
2339,ぼく,は,家族,と,将来,について,話す,「と」は相手、「について」はテーマだよ。,共同＋主題。,,
2340,わたし,は,前,で,発表,を,する,「の」はつながり、「で」は場所だよ。,連体＋場所。,,
2341,犬,が,子ども,と,公園,で,遊ぶ,「が」は主役、「と」は相手、「で」は場所だよ。,主格＋共同＋場所。,,
2342,猫,が,箱,の,中,で,眠る,「が」は主役、「の」はつながり、「で」は場所だよ。,主格＋連体＋場所。,,
2343,鳥,が,木,から,空,へ,飛ぶ,「が」は主役、「から」は出発、「へ」は方向だよ。,主格＋起点＋方向。,,
2344,パンダ,が,竹,を,,,食べる,「が」は主役、「を」は対象だよ。,主格＋対象。,,
2345,ライオン,が,獲物,を,,,追う,「が」は主役、「を」は対象だよ。,主格＋対象。,,
2346,イルカ,が,水面,に,,,跳ねる,「が」は主役、「に」は行き先だよ。,主格＋到達点。,,
2347,うさぎ,が,草,を,,,食べる,「が」は主役、「を」は対象だよ。,主格＋対象。,,
2348,馬,が,広場,で,,,走る,「が」は主役、「で」は場所だよ。,主格＋場所。,,
2349,犬,が,飼い主,に,ボール,を,持ってくる,「が」は主役、「に」は相手、「を」は対象だよ。,主格＋受け手＋対象。,,
2350,猫,が,窓,から,外,を,見る,「が」は主役、「から」は起点、「を」は対象だよ。,主格＋起点＋対象。,,
2351,ぼく,は,先生,に,意見,を,言う,「に」は相手、「を」は内容だよ。,受け手＋対象。,,
2352,わたし,は,友達,と,約束,を,守る,「と」は相手、「を」は対象だよ。,共同＋対象。,,
2353,ぼく,は,父,から,話,を,聞く,「から」は相手、「の」はつながりだよ。,起点＋連体。,,
2354,わたし,は,母,に,料理,を,教わる,「に」は相手、「を」は内容だよ。,受け手＋対象。,,
2355,ぼく,は,弟,より,背,が,低い,「より」は比較だよ。,比較。,,
2356,わたし,は,友達,に,写真,を,見せる,「に」は相手、「を」は対象だよ。,受け手＋対象。,,
2357,ぼく,は,店員,に,メニュー,を,聞く,「に」は相手、「を」は内容だよ。,受け手＋対象。,,
2358,わたし,は,医者,に,症状,を,伝える,「に」は相手、「を」は内容だよ。,受け手＋対象。,,
2359,ぼく,は,家族,と,夕食,を,楽しむ,「と」は相手、「を」は対象だよ。,共同＋対象。,,
2360,わたし,は,観客,に,あいさつ,を,する,「に」は相手、「を」は内容だよ。,受け手＋対象。,,
2361,ぼく,は,友達,と,海,で,泳ぐ,「と」は相手、「で」は場所だよ。,共同＋場所。,,
2362,わたし,は,学校,で,先生,と,話す,「で」は場所、「と」は相手だよ。,場所＋共同。,,
2363,ぼく,は,駅,から,家,まで,急ぐ,「から」は出発、「まで」は終点だよ。,起点＋終点。,,
2364,わたし,は,兄,より,足,が,速い,「より」は比較だよ。,比較。,,
2365,ぼく,は,本,の,内容,について,考える,「の」はつながり、「について」はテーマだよ。,連体＋主題。,,
2366,わたし,は,友達,に,気持ち,を,伝える,「に」は相手、「を」は内容だよ。,受け手＋対象。,,
2367,ぼく,は,先生,から,ヒント,を,もらう,「から」は相手、「を」は対象だよ。,起点＋対象。,,
2368,わたし,は,母,に,手紙,を,書く,「に」は相手、「を」は対象だよ。,受け手＋対象。,,
2369,ぼく,は,夜,に,星,を,見る,「に」は時間、「を」は対象だよ。,時間＋対象。,,
2370,わたし,は,朝,に,音楽,を,聞く,「に」は時間だよ。,時間。,,
2371,ぼく,は,友達,と,映画,を,楽しむ,「と」は相手、「を」は対象だよ。,共同＋対象。,,
2372,わたし,は,家族,と,旅行,を,楽しむ,「と」は相手、「を」は対象だよ。,共同＋対象。,,
2373,ぼく,は,先生,に,質問,を,する,「に」は相手だよ。,受け手。,,
2374,わたし,は,友達,から,本,を,借りる,「から」は相手だよ。,起点。,,
2375,ぼく,は,兄,より,勉強,が,得意だ,「より」は比較だよ。,比較。,,
2376,わたし,は,母,の,料理,を,食べる,「の」はつながりだよ。,連体。,,
2377,ぼく,は,店員,に,注文,を,伝える,「に」は相手、「を」は内容だよ。,受け手。,,
2378,わたし,は,医者,から,薬,を,受け取る,「から」は相手だよ。,起点。,,
2379,ぼく,は,前,で,演技,を,する,「で」は場所だよ。,場所。,,
2380,わたし,は,友達,と,公園,で,遊ぶ,「と」は相手、「で」は場所だよ。,共同＋場所。,,
2381,ぼく,は,犬,と,散歩,を,する,「と」は相手、「を」は対象だよ。,共同＋対象。,,
2382,わたし,は,猫,に,えさ,を,あげる,「に」は相手、「を」は対象だよ。,受け手＋対象。,,
2383,ぼく,は,鳥,が,空,を,飛ぶのを見る,「が」は主役、「を」は通る場所だよ。,主格＋経路。,,
2384,わたし,は,パンダ,を,動物園,で,見る,「を」は対象、「で」は場所だよ。,対象＋場所。,,
2385,ぼく,は,ライオン,の,姿,を,観察する,「の」はつながり、「を」は対象だよ。,連体＋対象。,,
2386,わたし,は,イルカ,と,水族館,で,遊ぶ,「と」は相手、「で」は場所だよ。,共同＋場所。,,
2387,ぼく,は,うさぎ,に,野菜,を,あげる,「に」は相手、「を」は対象だよ。,受け手＋対象。,,
2388,わたし,は,馬,の,背中,に,乗る,「の」はつながり、「に」は対象だよ。,連体＋対象。,,
2389,ぼく,は,犬,が,庭,で,走るのを見る,「が」は主役、「で」は場所だよ。,主格＋場所。,,
2390,わたし,は,猫,が,魚,を,食べるのを見る,「が」は主役、「を」は対象だよ。,主格＋対象。,,
2391,ぼく,は,先生,に,気持ち,を,伝える,「に」は相手、「を」は内容だよ。,受け手＋対象。,,
2392,わたし,は,友達,と,未来,について,話す,「と」は相手、「について」はテーマだよ。,共同＋主題。,,
2393,ぼく,は,父,から,話,を,聞く,「から」は相手、「を」は内容だよ。,起点＋対象。,,
2394,わたし,は,母,に,相談,を,する,「に」は相手だよ。,受け手。,,
2395,ぼく,は,兄,より,速く,,走る,「より」は比較だよ。,比較。,,
2396,わたし,は,友達,に,手紙,を,送る,「に」は相手、「を」は対象だよ。,受け手。,,
2397,ぼく,は,先生,から,助言,を,もらう,「から」は相手だよ。,起点。,,
2398,わたし,は,家族,と,夕食,を,食べる,「と」は相手、「を」は対象だよ。,共同。,,
2399,ぼく,は,観客,に,手,を,振る,「に」は相手、「を」は対象だよ。,受け手。,,
2400,わたし,は,朝,に,パン,を,食べる,「に」は時間、「を」は対象だよ。,時間＋対象。,,
2401,ぼく,は,レストラン,で,ラーメン,を,食べる,「は」は主役、「で」は場所、「を」は食べるものだよ。,主題提示＋場所＋対象。,,
2402,わたし,は,カフェ,で,ケーキ,を,注文する,「で」は場所、「を」は対象だよ。,場所＋対象。,,
2403,ぼく,は,先生,に,質問,を,する,「に」は相手、「を」は内容だよ。,受け手＋対象。,,
2404,わたし,は,医者,に,症状,を,伝える,「に」は相手だよ。,受け手。,,
2405,ぼく,は,友達,と,映画,を,見る,「と」は相手だよ。,共同。,,
2406,わたし,は,家族,と,アイス,を,食べる,「と」は相手、「を」は対象だよ。,共同＋対象。,,
2407,ぼく,は,水族館,で,イルカ,を,見る,「で」は場所、「を」は対象だよ。,場所＋対象。,,
2408,わたし,は,動物園,で,パンダ,を,見る,「で」は場所、「を」は対象だよ。,場所＋対象。,,
2409,ぼく,は,図書館,で,本,を,読む,「で」は場所、「を」は対象だよ。,場所＋対象。,,
2410,わたし,は,駅,から,学校,まで,歩く,「から」は出発、「まで」は終点だよ。,起点＋終点。,,
2411,ぼく,は,店員,に,注文,を,伝える,「は」は主役、「に」は相手、「を」は内容だよ。,主題提示＋受け手＋対象。,,
2412,わたし,は,友達,と,コーヒー,を,飲む,「は」は主役、「と」はいっしょ、「を」は飲むものだよ。,主題提示＋共同＋対象。,,
2413,ぼく,は,学校,から,家,まで,走る,「は」は主役、「から」は出発、「まで」は終点だよ。,主題提示＋起点＋終点。,,
2414,わたし,は,医者,から,薬,を,もらう,「は」は主役、「から」は相手、「を」はもらうものだよ。,主題提示＋起点＋対象。,,
2415,ぼく,は,観客,と,拍手,を,する,「は」は主役、「と」はいっしょ、「を」はすることだよ。,主題提示＋共同＋対象。,,
2416,わたし,は,友達,に,お菓子,を,あげる,「は」は主役、「に」は相手、「を」はあげるものだよ。,主題提示＋受け手＋対象。,,
2417,ぼく,は,イルカ,が,ジャンプ,を,見る,「は」は主役、「が」は主役、「を」は対象だよ。,主題提示＋主格＋対象。,,
2418,わたし,は,ライオン,を,,,観察する,「は」は主役、「を」は対象だよ。,主題提示＋対象。,,
2419,ぼく,は,先生,に,本,を,すすめる,「は」は主役、「に」は相手、「を」は対象だよ。,主題提示＋受け手＋対象。,,
2420,わたし,は,駅,へ,バス,で,向かう,「は」は主役、「へ」は行き先、「で」は手段だよ。,主題提示＋方向＋手段。,,
2421,ぼく,は,家族,と,寿司,を,食べる,「は」は主役、「と」は相手、「を」は対象だよ。,主題提示＋共同＋対象。,,
2422,わたし,は,店員,に,ケーキ,を,注文する,「は」は主役、「に」は相手、「を」は対象だよ。,主題提示＋受け手＋対象。,,
2423,ぼく,は,友達,に,ノート,を,貸す,「は」は主役、「に」は相手、「を」は対象だよ。,主題提示＋受け手＋対象。,,
2424,わたし,は,医者,と,話,を,する,「は」は主役、「と」は相手、「を」は内容だよ。,主題提示＋共同＋対象。,,
2425,ぼく,は,ポップコーン,を,,,食べる,「は」は主役、「を」は対象だよ。,主題提示＋対象。,,
2426,わたし,は,観客,と,写真,を,撮る,「は」は主役、「と」は相手、「を」は対象だよ。,主題提示＋共同＋対象。,,
2427,ぼく,は,魚,を,,,見る,「は」は主役、「を」は対象だよ。,主題提示＋対象。,,
2428,わたし,は,うさぎ,に,えさ,を,あげる,「は」は主役、「に」は相手、「を」は対象だよ。,主題提示＋受け手＋対象。,,
2429,ぼく,は,本,の,内容,を,考える,「は」は主役、「の」はつながり、「を」は対象だよ。,主題提示＋連体＋対象。,,
2430,わたし,は,駅,から,家,まで,帰る,「は」は主役、「から」は出発、「まで」は終点だよ。,主題提示＋起点＋終点。,,
2431,ぼく,は,店員,に,料理,を,ほめる,「は」は主役、「に」はほめる相手、「を」はほめる内容だよ。,主題提示＋受け手＋対象。,,
2432,わたし,は,友達,と,ケーキ,を,選ぶ,「は」は主役、「と」はいっしょにする相手、「を」は選ぶものだよ。,主題提示＋共同＋対象。,,
2433,ぼく,は,先生,に,理由,を,説明する,「は」は主役、「に」は説明する相手、「を」は説明する内容だよ。,主題提示＋受け手＋対象。,,
2434,わたし,は,医者,に,体調,を,伝える,「は」は主役、「に」は伝える相手、「を」は伝える内容だよ。,主題提示＋受け手＋対象。,,
2435,ぼく,は,友達,と,映画,を,決める,「は」は主役、「と」はいっしょに決める相手、「を」は決めるものだよ。,主題提示＋共同＋対象。,,
2436,わたし,は,家族,と,乗り物,を,楽しむ,「は」は主役、「と」はいっしょに楽しむ相手、「を」は楽しむものだよ。,主題提示＋共同＋対象。,,
2437,ぼく,は,イルカ,の,ショー,を,見る,「は」は主役、「の」はつながり、「を」は見るものだよ。,主題提示＋連体＋対象。,,
2438,わたし,は,パンダ,の,動き,を,観察する,「は」は主役、「の」はつながり、「を」は観察するものだよ。,主題提示＋連体＋対象。,,
2439,ぼく,は,本,を,,,選ぶ,「は」は主役、「を」は選ぶものだよ。,主題提示＋対象。,,
2440,わたし,は,駅,から,学校,まで,行く,「は」は主役、「から」は出発する場所、「まで」は終わりの場所だよ。,主題提示＋起点＋終点。,,
2441,ぼく,は,家族,と,寿司,を,食べる,「は」は主役、「と」はいっしょに食べる相手、「を」は食べるものだよ。,主題提示＋共同＋対象。,,
2442,わたし,は,友達,に,飲み物,を,すすめる,「は」は主役、「に」はすすめる相手、「を」はすすめるものだよ。,主題提示＋受け手＋対象。,,
2443,ぼく,は,学校,から,家,まで,帰る,「は」は主役、「から」は出発する場所、「まで」は終わりの場所だよ。,主題提示＋起点＋終点。,,
2444,わたし,は,医者,から,説明,を,受ける,「は」は主役、「から」はもらう相手、「を」は受ける内容だよ。,主題提示＋起点＋対象。,,
2445,ぼく,は,観客,と,感想,を,話し合う,「は」は主役、「と」はいっしょに話す相手、「を」は話す内容だよ。,主題提示＋共同＋対象。,,
2446,わたし,は,友達,に,お菓子,を,分ける,「は」は主役、「に」は分ける相手、「を」は分けるものだよ。,主題提示＋受け手＋対象。,,
2447,ぼく,は,イルカ,が,芸,を,するのを見る,「は」は主役、「が」は動きをする主役、「を」は見る内容だよ。,主題提示＋主格＋対象。,,
2448,わたし,は,ライオン,を,,,見る,「は」は主役、「を」は見るものだよ。,主題提示＋対象。,,
2449,ぼく,は,先生,に,本,を,選んでもらう,「は」は主役、「に」はしてもらう相手、「を」は選んでもらうものだよ。,主題提示＋受け手＋対象。,,
2450,わたし,は,駅,へ,電車,で,向かう,「は」は主役、「へ」は行く場所、「で」は使う乗り物だよ。,主題提示＋方向＋手段。,,
2451,ぼく,は,友達,と,メニュー,を,比べる,「は」は主役、「と」はいっしょ、「を」は比べるものだよ。,主題提示＋共同＋対象。,,
2452,わたし,は,ケーキ,を,,,選ぶ,「は」は主役、「を」は選ぶものだよ。,主題提示＋対象。,,
2453,ぼく,は,先生,に,失敗,を,謝る,「は」は主役、「に」は相手、「を」は謝る内容だよ。,主題提示＋受け手＋対象。,,
2454,わたし,は,医者,に,質問,を,する,「は」は主役、「に」は相手、「を」はする内容だよ。,主題提示＋受け手＋対象。,,
2455,ぼく,は,友達,と,席,を,決める,「は」は主役、「と」はいっしょ、「を」は決めるものだよ。,主題提示＋共同＋対象。,,
2456,わたし,は,家族,と,計画,を,変える,「は」は主役、「と」はいっしょ、「を」は変えるものだよ。,主題提示＋共同＋対象。,,
2457,ぼく,は,魚,を,,,見る,「は」は主役、「を」は見るものだよ。,主題提示＋対象。,,
2458,わたし,は,うさぎ,に,えさ,を,あげる,「は」は主役、「に」は相手、「を」はあげるものだよ。,主題提示＋受け手＋対象。,,
2459,ぼく,は,本,の,内容,を,理解する,「は」は主役、「の」はつながり、「を」は対象だよ。,主題提示＋連体＋対象。,,
2460,わたし,は,駅,から,家,まで,帰る,「は」は主役、「から」は出発、「まで」は終点だよ。,主題提示＋起点＋終点。,,
2461,ぼく,は,店員,に,料理,を,注文する,「は」は主役、「に」は相手、「を」は注文するものだよ。,主題提示＋受け手＋対象。,,
2462,わたし,は,友達,と,時間,を,過ごす,「は」は主役、「と」はいっしょ、「を」は対象だよ。,主題提示＋共同＋対象。,,
2463,ぼく,は,学校,から,公園,まで,歩く,「は」は主役、「から」は出発、「まで」は終点だよ。,主題提示＋起点＋終点。,,
2464,わたし,は,医者,から,薬,を,受け取る,「は」は主役、「から」は相手、「を」は対象だよ。,主題提示＋起点＋対象。,,
2465,ぼく,は,観客,と,笑い,を,共有する,「は」は主役、「と」は相手、「を」は対象だよ。,主題提示＋共同＋対象。,,
2466,わたし,は,友達,に,プレゼント,を,渡す,「は」は主役、「に」は相手、「を」は対象だよ。,主題提示＋受け手＋対象。,,
2467,ぼく,は,イルカ,を,,,見る,「は」は主役、「を」は対象だよ。,主題提示＋対象。,,
2468,わたし,は,パンダ,の,生活,を,知る,「は」は主役、「の」はつながり、「を」は対象だよ。,主題提示＋連体＋対象。,,
2469,ぼく,は,本,を,,,探す,「は」は主役、「を」は対象だよ。,主題提示＋対象。,,
2470,わたし,は,駅,へ,バス,で,向かう,「は」は主役、「へ」は行き先、「で」は手段だよ。,主題提示＋方向＋手段。,,
2471,ぼく,は,友達,と,料理,を,分ける,「は」は主役、「と」はいっしょ、「を」は対象だよ。,主題提示＋共同＋対象。,,
2472,わたし,は,店員,に,注文,を,変える,「は」は主役、「に」は相手、「を」は対象だよ。,主題提示＋受け手＋対象。,,
2473,ぼく,は,先生,に,意見,を,言う,「は」は主役、「に」は相手、「を」は内容だよ。,主題提示＋受け手＋対象。,,
2474,わたし,は,医者,と,話,を,する,「は」は主役、「と」は相手、「を」は内容だよ。,主題提示＋共同＋対象。,,
2475,ぼく,は,友達,と,ポップコーン,を,食べる,「は」は主役、「と」は相手、「を」は対象だよ。,主題提示＋共同＋対象。,,
2476,わたし,は,家族,と,思い出,を,作る,「は」は主役、「と」は相手、「を」は対象だよ。,主題提示＋共同＋対象。,,
2477,ぼく,は,魚,を,,,見る,「は」は主役、「を」は対象だよ。,主題提示＋対象。,,
2478,わたし,は,動物,に,えさ,を,あげる,「は」は主役、「に」は相手、「を」は対象だよ。,主題提示＋受け手＋対象。,,
2479,ぼく,は,本,の,情報,を,調べる,「は」は主役、「の」はつながり、「を」は対象だよ。,主題提示＋連体＋対象。,,
2480,わたし,は,駅,から,家,まで,帰る,「は」は主役、「から」は出発、「まで」は終点だよ。,主題提示＋起点＋終点。,,
2481,ぼく,は,料理,を,,,選ぶ,「は」は主役、「を」は対象だよ。,主題提示＋対象。,,
2482,わたし,は,友達,と,飲み物,を,比べる,「は」は主役、「と」は相手、「を」は対象だよ。,主題提示＋共同＋対象。,,
2483,ぼく,は,先生,に,失敗,を,報告する,「は」は主役、「に」は相手、「を」は内容だよ。,主題提示＋受け手＋対象。,,
2484,わたし,は,医者,に,質問,を,する,「は」は主役、「に」は相手、「を」は内容だよ。,主題提示＋受け手＋対象。,,
2485,ぼく,は,友達,と,映画,を,見る,「は」は主役、「と」は相手、「を」は対象だよ。,主題提示＋共同＋対象。,,
2486,わたし,は,観客,と,笑い,を,楽しむ,「は」は主役、「と」は相手、「を」は対象だよ。,主題提示＋共同＋対象。,,
2487,ぼく,は,イルカ,を,,,見る,「は」は主役、「を」は対象だよ。,主題提示＋対象。,,
2488,わたし,は,パンダ,の,姿,を,撮る,「は」は主役、「の」はつながり、「を」は対象だよ。,主題提示＋連体＋対象。,,
2489,ぼく,は,本,を,,,読む,「は」は主役、「を」は対象だよ。,主題提示＋対象。,,
2490,わたし,は,駅,へ,電車,で,向かう,「は」は主役、「へ」は行き先、「で」は手段だよ。,主題提示＋方向＋手段。,,
2491,ぼく,は,家族,と,食事,を,する,「は」は主役、「と」は相手、「を」は対象だよ。,主題提示＋共同＋対象。,,
2492,わたし,は,店員,に,注文,を,確認する,「は」は主役、「に」は相手、「を」は対象だよ。,主題提示＋受け手＋対象。,,
2493,ぼく,は,学校,から,家,まで,帰る,「は」は主役、「から」は出発、「まで」は終点だよ。,主題提示＋起点＋終点。,,
2494,わたし,は,医者,から,説明,を,受ける,「は」は主役、「から」は相手、「を」は対象だよ。,主題提示＋起点＋対象。,,
2495,ぼく,は,友達,と,感想,を,話す,「は」は主役、「と」は相手、「を」は対象だよ。,主題提示＋共同＋対象。,,
2496,わたし,は,家族,と,写真,を,撮る,「は」は主役、「と」は相手、「を」は対象だよ。,主題提示＋共同＋対象。,,
2497,ぼく,は,魚,を,,,見る,「は」は主役、「を」は対象だよ。,主題提示＋対象。,,
2498,わたし,は,動物,に,えさ,を,あげる,「は」は主役、「に」は相手、「を」は対象だよ。,主題提示＋受け手＋対象。,,
2499,ぼく,は,本,の,内容,を,まとめる,「は」は主役、「の」はつながり、「を」は対象だよ。,主題提示＋連体＋対象。,,
2500,わたし,は,駅,から,家,まで,帰る,「は」は主役、「から」は出発、「まで」は終点だよ。,主題提示＋起点＋終点。,,
